,county_lat,county_lon,population,BA,cesm_lat,cesm_lon
0,37.05843763003871,-88.99924834763627,7594.0,MISO-0006,36.9534527354437,-89.04270509831247
1,40.84861802016794,-90.61501048776024,16222.0,MISO-0004,40.70602416306816,-90.54270509831247
2,38.70228562875416,-87.07207060068728,34209.0,MISO-0006,38.754341546566884,-87.0
3,38.19503490498715,-86.11122791507451,40437.0,MISO-0006,38.1835232275188,-86.04270509831252
4,33.46626220681624,-92.1624263491535,9828.0,MISO-8910,33.52235675103729,-92.25
5,34.0508694713165,-93.17612495436524,20938.0,MISO-8910,33.91569448235781,-93.20729490168753
6,33.89833221037926,-92.18513367029138,7224.0,MISO-8910,33.93682410263886,-92.25
7,35.74152022737198,-91.56971967901116,38785.0,MISO-8910,35.78338975945874,-91.5
8,35.59906487872282,-91.21469015343361,16741.0,MISO-8910,35.45040391073156,-91.29270509831247
9,36.341437893210184,-91.02764377649888,18876.0,MISO-8910,36.20348306080643,-90.95729490168753
10,41.02771259276868,-94.24234796585793,11829.0,MISO-0035,40.96300755773983,-94.29270509831247
11,36.59449371263976,-89.65195151618305,15086.0,MISO-0035,36.54252571217871,-89.79270509831247
12,38.64044954825674,-90.44354167744136,990911.0,MISO-0035,38.791450010504846,-90.54270509831247
13,40.45253602870694,-92.14703144217718,4796.0,MISO-0035,40.47817834160075,-92.25
14,36.855475448574765,-89.94430593539009,28284.0,MISO-0035,36.95729490168752,-90.0
15,48.29504520902543,-105.01590595199862,10242.0,MISO-0001,48.312018093782946,-104.97211225454481
16,46.22604571648197,-106.72784632745235,8253.0,MISO-0001,46.201255900966444,-106.86042708482842
17,48.36334337004365,-106.6686335361424,7385.0,MISO-0001,48.297664654745304,-106.56026208190792
18,30.290496390335846,-92.41201665580431,57032.0,MISO-8910,30.184381144616534,-92.45729490168753
19,31.076179138110046,-92.0013887125412,37941.0,MISO-8910,30.94123119296977,-92.04270509831247
20,30.64847143838066,-93.3435439203191,36673.0,MISO-8910,30.710548995880984,-93.20729490168753
21,31.44557141929549,-91.64022483621275,17836.0,MISO-8910,31.48866723603569,-91.70729490168753
22,30.538175388990407,-91.09559801188733,456180.0,MISO-8910,30.539204906005825,-90.95729490168753
23,30.258494676421517,-91.34909846064151,29579.0,MISO-8910,30.200953931458553,-91.29270509831247
24,30.0687117662893,-89.92892239008619,362154.0,MISO-8910,29.999999999999993,-90.0
25,32.09310608576332,-93.33979656133663,7165.0,MISO-8910,32.002326749570074,-93.20729490168753
26,30.129017467060436,-91.60746126964716,51106.0,MISO-8910,30.19623424308343,-91.70729490168753
27,32.713176289519936,-93.33487427499693,34948.0,MISO-8910,32.75182625195881,-93.20729490168753
28,40.76923106114744,-86.04500096108309,34487.0,MISO-0006,40.63968846779456,-86.04270509831252
29,38.02169276585031,-87.86857009056745,24988.0,MISO-0006,38.02503037818032,-87.95729490168753
30,38.01402385111303,-87.0078927879679,20061.0,MISO-0006,38.004576423832376,-87.0
31,41.330655263324694,-94.47096624418782,7403.0,MISO-0035,41.369538914271935,-94.5
32,41.89809826103087,-90.53198130553322,46002.0,MISO-0035,41.99872189950227,-90.54270509831247
33,42.38377910602068,-93.24036646576879,16455.0,MISO-0035,42.49796539003606,-93.20729490168753
34,40.6418998483993,-91.47924863916873,32306.0,MISO-0035,40.69758657455117,-91.5
35,46.93260128066551,-97.24796794475321,201794.0,MISO-0001,47.017724945445146,-97.29638051102256
36,30.332390727758657,-94.39023177702896,58723.0,MISO-8910,30.465340505318814,-94.5
37,30.743446277063732,-94.02494123192751,33075.0,MISO-8910,30.68993649439958,-93.95729490168748
38,29.883976090303914,-94.1628655244272,254321.0,MISO-8910,29.93035155365834,-94.29270509831247
39,30.12130496002472,-93.89385883039779,86266.0,MISO-8910,30.147861107920136,-93.95729490168748
40,30.771132152663856,-94.37644022376374,20443.0,MISO-8910,30.679320539774405,-94.29270509831247
41,30.738993889935195,-95.57228259075335,83842.0,MISO-8910,30.63574986897679,-95.45729490168753
42,46.30536239768292,-84.57577953762927,36081.0,MISO-0027,46.36649439483321,-84.46936068732009
43,46.40898356210224,-89.69323240355698,14285.0,MISO-0027,46.49979207833354,-89.78155685780422
44,43.83336908179334,-83.0233367105365,30530.0,MISO-0027,43.8311281874387,-83.04270509831247
45,46.080884942002854,-85.08610531890493,11236.0,MISO-0027,46.1868988160668,-85.07639776459484
46,41.928606330015384,-83.5376243254273,156004.0,MISO-0027,42.021056093265464,-83.45729490168748
47,38.606480904079895,-89.42257805434424,37128.0,MISO-0004,38.456043134888006,-89.45729490168753
48,38.416446504257976,-88.05328894846241,5898.0,MISO-0004,38.43955858526482,-87.95729490168753
49,35.763642411546286,-90.05442379721033,37828.0,MISO-8910,35.792705098312474,-90.0
50,34.67759369154582,-91.2037481323863,6244.0,MISO-8910,34.700468706004685,-91.29270509831247
51,33.663829273183154,-93.3071458003234,7942.0,MISO-8910,33.70852302802407,-93.20729490168753
52,33.59325485340016,-92.88199366110298,21731.0,MISO-8910,33.51135496928661,-92.79270509831247
53,34.163462055353556,-93.65618524665693,9964.0,MISO-8910,34.23556350188181,-93.75
54,34.82958777408907,-91.55276464059912,7923.0,MISO-8910,34.6981037833177,-91.5
55,35.186185993365676,-91.24304635327726,5710.0,MISO-8910,35.2431264476339,-91.29270509831247
56,45.91893638074295,-86.9244834550015,36582.0,MISO-0027,45.91531752062585,-86.89823510238193
57,42.69532604170936,-82.93233186643,886221.0,MISO-0027,42.74616724553095,-83.04270509831247
58,46.43069482832245,-87.64061893050284,68064.0,MISO-0027,46.47549971229077,-87.6291292819925
59,44.68166587384133,-84.12976772196303,8723.0,MISO-0027,44.646048989962445,-84.20729490168748
60,42.9337515435153,-82.68031006234342,160486.0,MISO-0027,43.06049060272964,-82.70729490168748
61,42.28177008255155,-83.28225328598894,1769038.0,MISO-0027,42.34423293375929,-83.25
62,45.02233537698085,-95.56657296462714,12406.0,MISO-0001,45.0752624251236,-95.49668535646407
63,45.004444575614635,-93.4767577208635,1284784.0,MISO-0001,44.9452020841381,-93.54270509831247
64,48.76978377475275,-94.90401540425076,3770.0,MISO-0001,48.85219141800507,-94.92782502218762
65,43.674258546823886,-94.55116377657978,19440.0,MISO-0035,43.61894294499695,-94.5
66,44.7268273456314,-94.94690944654009,14356.0,MISO-0001,44.681611906601916,-95.04270509831252
67,44.648454815589076,-93.53599883166117,159017.0,MISO-0001,44.737908996240485,-93.54270509831247
68,45.03826813195109,-92.88393155074183,286895.0,MISO-0001,44.96595608724402,-92.79270509831247
69,34.87543426619737,-89.99182094253868,197918.0,MISO-8910,35.04270509831248,-90.0
70,32.74121055389466,-90.98897741100119,1263.0,MISO-8910,32.78906398740108,-90.95729490168753
71,34.65187043460396,-90.37554214395546,8819.0,MISO-8910,34.7060918251103,-90.54270509831247
72,31.16109039219633,-91.31096915888803,7582.0,MISO-8910,31.28623228589873,-91.29270509831247
73,32.780355045493465,-90.39656797706641,22947.0,MISO-8910,32.79153488506774,-90.54270509831247
74,38.027030112343034,-92.76583210575524,44047.0,MISO-0035,38.009664915424906,-92.79270509831247
75,37.383895899486134,-89.684522716434,83999.0,MISO-0035,37.292524345641255,-89.79270509831247
76,40.747025849637104,-87.82434078040492,26150.0,MISO-0004,40.68544874555216,-87.75
77,40.027384406212626,-89.80223564668387,11863.0,MISO-0004,39.957110301505715,-89.79270509831247
78,41.467361290580946,-90.56797972336764,141869.0,MISO-0004,41.45601957572447,-90.54270509831247
79,41.09329912573332,-89.7975130157386,5319.0,MISO-0004,41.04251938688027,-89.79270509831247
80,38.445982405344786,-87.8443830833753,10907.0,MISO-0004,38.43577550606091,-87.75
81,40.2274789601372,-85.39689624213939,113106.0,MISO-0006,40.20547033201598,-85.5
82,40.483660771013014,-86.11696349833522,83904.0,MISO-0006,40.43246976826531,-86.04270509831252
83,38.688905211848635,-87.41828493495848,35652.0,MISO-0006,38.766968766604414,-87.54270509831252
84,40.31135157649045,-86.05185272114596,15319.0,MISO-0006,40.22525460254817,-86.04270509831252
85,38.59992856706915,-86.10532982174898,28383.0,MISO-0006,38.72593646190881,-86.04270509831252
86,33.191232720727136,-91.76851566734,17831.0,MISO-8910,33.195638195000996,-91.70729490168753
87,33.55791207891724,-92.50305398236054,4632.0,MISO-8910,33.51843410196223,-92.45729490168753
88,35.14686604920959,-92.33213314148819,133979.0,MISO-8910,35.22917501600084,-92.25
89,32.35715939840717,-90.85217036003031,41759.0,MISO-8910,32.45507201331074,-90.75
90,33.28363567704631,-90.94747608634636,40446.0,MISO-8910,33.20363025034461,-90.95729490168753
91,36.27165565360396,-90.09107593690814,26855.0,MISO-8910,36.207294901687504,-90.0
92,39.058006353059376,-90.96005532568978,66676.0,MISO-0035,38.9960886456207,-90.95729490168753
93,38.78196649405764,-90.67519343848987,426499.0,MISO-0035,38.79030807180048,-90.75
94,40.470215856176296,-92.52091904096679,4140.0,MISO-0035,40.4739712246266,-92.45729490168753
95,37.05296496627394,-89.56852429116894,37975.0,MISO-0035,36.95606007942572,-89.45729490168753
96,47.64412865749741,-105.79568631767603,1720.0,MISO-0001,47.63683703806971,-105.91852073621362
97,47.78750867693373,-104.56061922995649,11377.0,MISO-0001,47.83292531449745,-104.46786790661474
98,32.73242077016811,-91.23510940065606,6760.0,MISO-8910,32.78606541048605,-91.29270509831247
99,29.8964460485784,-91.73030372655063,66846.0,MISO-8910,29.98898508485781,-91.70729490168753
100,30.267643766490547,-92.81409949742053,31471.0,MISO-8910,30.17769829272268,-92.79270509831247
101,30.206721578223306,-92.06387472449569,257949.0,MISO-8910,30.19146120088618,-92.04270509831247
102,46.31492261263598,-90.6777591583486,16203.0,MISO-0001,46.29002151639263,-90.78462590658273
103,42.867160679105076,-90.70614027357651,52446.0,MISO-0001,42.95484670664346,-90.75
104,45.879792848825566,-91.14432088198804,18846.0,MISO-0001,45.953022092183396,-90.98982403064633
105,45.42601549310911,-96.41059327136745,5054.0,MISO-0001,45.367810935591194,-96.3250605759726
106,44.03449860564072,-94.06701712075214,70634.0,MISO-0035,43.974361230407034,-93.95729490168748
107,47.902572189290474,-90.53501187438293,5522.0,MISO-0001,47.99842352221296,-90.6027308659356
108,47.50888974885093,-93.63113294663042,45404.0,MISO-0001,47.40417896308674,-93.494231472759
109,44.99534181388088,-96.17330964754002,6704.0,MISO-0001,45.03640476318973,-96.25201820357785
110,47.63939239555836,-91.44626041348063,10746.0,MISO-0001,47.783882900710125,-91.4252382287579
111,48.358582823492874,-96.36842172112301,8798.0,MISO-0001,48.35639792097448,-96.55104025804536
112,46.01251975462494,-94.26815862096136,34620.0,MISO-0001,45.88423251339993,-94.09134186155467
113,44.403574047331304,-95.25391794974767,15265.0,MISO-0035,44.336888898500455,-95.25000000000006
114,44.02197929631344,-93.58726932055558,18688.0,MISO-0035,43.98793952379924,-93.54270509831247
115,45.17385281366745,-93.96313741000547,157559.0,MISO-0001,45.13791688974134,-93.98594151725172
116,31.482815234755464,-91.35366033004259,30061.0,MISO-8910,31.49350305880774,-91.29270509831247
117,33.79539220988297,-90.88056193765375,28262.0,MISO-8910,33.74630569437917,-90.95729490168753
118,31.869274339394657,-90.44876416826612,27497.0,MISO-8910,31.706145650096566,-90.54270509831247
119,33.7699634762842,-89.80192373621242,20868.0,MISO-8910,33.74982677508068,-89.79270509831247
120,33.550369815524625,-90.30111357957996,25686.0,MISO-8910,33.54253239712252,-90.20729490168753
121,31.088800822795164,-95.13574221751848,14384.0,MISO-8910,31.194171851469402,-95.04270509831252
122,46.71604164538633,-101.27994443875893,34601.0,MISO-0001,46.68679560470623,-101.33740146847754
123,32.8201557722676,-91.80184216458156,23705.0,MISO-8910,32.78112329351362,-91.70729490168753
124,31.72322466641905,-93.09613668669226,36089.0,MISO-8910,31.672171800858642,-93.0
125,31.198581180325522,-92.53326706257813,125877.0,MISO-8910,31.269314656774323,-92.45729490168753
126,30.598797855079575,-92.00592284177283,80765.0,MISO-8910,30.52676718455781,-92.04270509831247
127,32.001620490981864,-91.34025435160943,3700.0,MISO-8910,32.03614660113419,-91.29270509831247
128,29.84646391157915,-92.32388318560871,57671.0,MISO-8910,29.773654424667765,-92.25
129,30.853350617036224,-90.04043894877826,44937.0,MISO-8910,30.74999999999999,-90.0
130,32.78839355810788,-91.45689513432349,9156.0,MISO-8910,32.78376512742735,-91.5
131,41.6844761538931,-94.90576778681718,5509.0,MISO-0035,41.68232687566351,-95.04270509831252
132,42.03611860199104,-94.86056469840547,20303.0,MISO-0035,42.110976271558414,-94.70729490168753
133,42.40179612631577,-92.79148101590096,12361.0,MISO-0035,42.5087880740188,-92.79270509831247
134,42.078778466741994,-91.59902540099732,232028.0,MISO-0035,41.990235363699426,-91.5
135,43.08199483718231,-94.67812995500864,8899.0,MISO-0035,43.19609263454521,-94.70729490168753
136,43.37736348557115,-93.26085439130122,7338.0,MISO-0035,43.45515556874622,-93.20729490168753
137,37.20950408794529,-88.35366891176079,8863.0,MISO-0006,37.28044306086379,-88.29270509831247
138,43.239319531793576,-90.93115661471305,15910.0,MISO-0001,43.28871341960321,-90.95729490168753
139,45.84845297649616,-88.39801060989892,4748.0,MISO-0027,45.94680359851668,-88.4490441261795
140,46.26192145461526,-90.24154559227335,6127.0,MISO-0001,46.292500095171164,-90.21686634770123
141,45.33726492346773,-89.7346003927303,28403.0,MISO-0001,45.20710467594312,-89.79119968139167
142,45.38223020310171,-88.03271732989177,42574.0,MISO-0027,45.52379514928625,-87.91826076331608
143,43.42649253710172,-89.94822851625041,66652.0,MISO-0001,43.499999999999986,-90.0
144,33.96979323026843,-92.65440743217931,6011.0,MISO-8910,33.92575602675659,-92.79270509831247
145,37.22285870227247,-89.1266435832079,4820.0,MISO-0004,37.28885022106111,-89.04270509831247
146,38.906403557686936,-86.03751169130928,47370.0,MISO-0006,38.933126195143544,-86.04270509831252
147,40.98787320868697,-91.54454233381442,19349.0,MISO-0035,41.032980256989376,-91.5
148,37.35268985755505,-88.09725161887587,8807.0,MISO-0006,37.27515120049319,-87.95729490168753
149,31.108326921489223,-93.18422304216432,45091.0,MISO-8910,31.252854892033096,-93.20729490168753
150,45.02129228693532,-84.59901295358662,26080.0,MISO-0027,45.0752624251236,-84.50331464353593
151,38.99034121078278,-92.30966838332978,191746.0,MISO-0035,38.97838956048776,-92.25
152,30.792552824822604,-94.82997806975179,53434.0,MISO-8910,30.871966533094202,-94.70729490168753
153,31.394062906106193,-94.1681627314287,7722.0,MISO-8910,31.428337868598007,-94.29270509831247
154,30.579461469674023,-95.16681133266803,29488.0,MISO-8910,30.64426794951817,-95.25000000000006
155,44.02195578104342,-97.12935759002643,10993.0,MISO-0001,44.01742071475603,-97.29270509831252
156,42.83214160106605,-96.6559479295664,17402.0,MISO-0001,42.75858658629218,-96.75
157,34.290670894031,-91.37470763159732,15836.0,MISO-8910,34.28591673112629,-91.29270509831247
158,35.26216142745101,-92.70140730492699,21393.0,MISO-8910,35.217915158629275,-92.79270509831247
159,33.735181724634,-93.66846091060306,19080.0,MISO-8910,33.69329423916316,-93.75
160,30.785678697087445,-93.74501550657847,11954.0,MISO-8910,30.69606553148786,-93.75
161,43.96912069567005,-89.77029073996428,21752.0,MISO-0027,44.042517705468796,-89.79270509831247
162,33.83315544586543,-91.25419021542984,9984.0,MISO-8910,33.74326329796957,-91.29270509831247
163,32.831863676150206,-92.37470126718547,20561.0,MISO-8910,32.768711252639854,-92.45729490168753
164,42.73551908207068,-95.6238177977346,11369.0,MISO-0035,42.81103158527838,-95.79270509831252
165,37.77330229839224,-86.42933298176524,21503.0,MISO-0006,37.65427570874268,-86.45729490168753
166,30.20355445186422,-90.91133485405395,135105.0,MISO-8910,30.20381758721817,-90.95729490168753
167,32.67855549286072,-93.60482141228746,131867.0,MISO-8910,32.74282701269173,-93.54270509831247
168,31.66590309372714,-91.84728299696798,8223.0,MISO-8910,31.695920635648886,-91.70729490168753
169,30.84510317583616,-91.04557657989054,18911.0,MISO-8910,30.746485908087735,-90.95729490168753
170,30.821930543479084,-90.7103495689704,10758.0,MISO-8910,30.747843040784236,-90.75
171,29.41477364107472,-90.86629542052985,104163.0,MISO-8910,29.45387046322261,-90.95729490168753
172,44.66865294671732,-85.56056825640736,96729.0,MISO-0027,44.70426026049991,-85.5
173,44.24213511432125,-94.72760530879101,25517.0,MISO-0035,44.15324342404179,-94.70729490168753
174,46.35651289987662,-96.46809195220501,6288.0,MISO-0001,46.3132897259915,-96.53830619817722
175,33.12351976938791,-90.09200540051648,15465.0,MISO-8910,33.20729490168751,-90.0
176,47.60714102471234,-101.32084604906566,9740.0,MISO-0001,47.63097976069065,-101.483905719917
177,40.606232199428966,-87.31092970361429,8883.0,MISO-0006,40.6736354560318,-87.20729490168753
178,38.31186174350587,-87.58465012099748,33091.0,MISO-0006,38.224375822021464,-87.54270509831252
179,38.079550857574226,-86.63802514711516,19389.0,MISO-0006,37.99912330414942,-86.79270509831252
180,32.36442497168787,-91.2426140725344,8844.0,MISO-8910,32.45069096428567,-91.29270509831247
181,30.626308275594443,-90.40554084959238,141346.0,MISO-8910,30.541580171028606,-90.54270509831247
182,45.0347672962951,-83.62584752618051,28853.0,MISO-0027,45.03640476318973,-83.74798179642215
183,34.76988964300191,-92.31161182929232,404611.0,MISO-8910,34.68661349055111,-92.25
184,39.97358113638048,-90.2474395745387,12463.0,MISO-0004,39.957110301505715,-90.20729490168753
185,31.59970566330934,-92.55945887466896,22075.0,MISO-8910,31.683731202506745,-92.45729490168753
186,31.944256311067843,-92.63680181848028,14961.0,MISO-8910,32.01209236802008,-92.79270509831247
187,46.94810757575984,-94.32643695080071,31430.0,MISO-0001,46.964050445919945,-94.24899039963117
188,32.6347295102319,-90.03401528750206,116298.0,MISO-8910,32.792705098312474,-90.0
189,47.3251881076945,-95.80904050041713,5153.0,MISO-0001,47.31490129421827,-95.71781079014744
190,44.71649988863626,-95.86823929412225,9477.0,MISO-0001,44.646048989962445,-95.79270509831252
191,30.76874741832795,-89.58974584433267,59363.0,MISO-8910,30.748870605859434,-89.45729490168753
192,38.835362885077124,-91.92619670229242,45765.0,MISO-0035,38.77492166645817,-92.04270509831247
193,33.24079757513166,-93.60718654251741,5888.0,MISO-8910,33.15709375732269,-93.54270509831247
194,39.3926251596147,-87.11581187171109,26410.0,MISO-0006,39.509280782170286,-87.20729490168753
195,38.39871905232768,-87.23209204348274,12003.0,MISO-0006,38.42413944508023,-87.20729490168753
196,46.408746927709785,-86.60523768251544,8641.0,MISO-0027,46.4502066926026,-86.62060597193175
197,44.34991686555603,-94.24723633682379,34273.0,MISO-0035,44.37683191548099,-94.29270509831247
198,29.566128394737635,-90.42495787840743,95505.0,MISO-8910,29.456194319231077,-90.54270509831247
199,46.66237124264994,-88.36534017227501,8169.0,MISO-0027,46.69625261782439,-88.40787863594176
200,46.208631407049324,-88.53038082879206,11757.0,MISO-0027,46.281970043554814,-88.43077358557565
201,44.37955908485771,-91.75426986439324,13318.0,MISO-0001,44.44457689733887,-91.70729490168753
202,34.75403046104722,-91.88853756922121,76664.0,MISO-8910,34.69024910863049,-92.04270509831247
203,47.59879690837193,-92.46981365783138,200518.0,MISO-0001,47.765976107301874,-92.48049460984072
204,31.973661622448024,-90.9118112114495,8058.0,MISO-8910,32.03910850630674,-90.95729490168753
205,33.128585897899654,-90.52663846782681,7001.0,MISO-8910,33.20611712354284,-90.54270509831247
206,35.25625820643755,-91.74568550702398,80085.0,MISO-8910,35.23801016801509,-91.70729490168753
207,46.52300494953456,-91.20118928645998,16787.0,MISO-0001,46.49191372400475,-91.36220141351083
208,43.924060388175924,-90.113632508249,26649.0,MISO-0027,44.042517705468796,-90.20729490168753
209,44.30352457048027,-91.35852888722242,31171.0,MISO-0001,44.24271041423958,-91.29270509831247
210,33.267025543702836,-91.29395991349644,9107.0,MISO-8910,33.200612282017445,-91.29270509831247
211,40.23962450153809,-89.91703182545756,12411.0,MISO-0004,40.29270509831249,-90.0
212,37.795817140427594,-87.5730285602719,44255.0,MISO-0006,37.681792070059736,-87.54270509831252
213,30.709281439791,-91.6006263088837,19520.0,MISO-8910,30.74137195308694,-91.5
214,30.41016721838282,-89.95810178469473,279108.0,MISO-8910,30.54270509831249,-90.0
215,45.15202865957709,-95.00470701574645,44720.0,MISO-0001,45.0945854522846,-95.07913568024276
216,47.773804378822206,-96.40043477893254,30545.0,MISO-0001,47.82024355476872,-96.42835106383518
217,44.93837105541703,-85.8119298528626,22982.0,MISO-0027,44.91952043227608,-85.70729490168753
218,45.34021994910031,-83.91728450947019,13128.0,MISO-0027,45.37931634539727,-83.88610678667555
219,37.19142156173564,-89.33747450944435,4570.0,MISO-0004,37.29033897760334,-89.25
220,38.352185145632255,-89.41050988810082,13564.0,MISO-0004,38.24875037151882,-89.45729490168753
221,41.028960589627346,-94.6991640899801,3617.0,MISO-0035,40.946855387668066,-94.70729490168753
222,41.63708273174311,-90.62325034478818,175259.0,MISO-0035,41.7914280035057,-90.54270509831247
223,30.440093450129222,-90.72778244315788,155036.0,MISO-8910,30.540556670345143,-90.75
224,29.70464665481736,-91.44294660649875,46552.0,MISO-8910,29.784238422846286,-91.5
225,48.77642956456258,-96.7827662865606,4031.0,MISO-0001,48.75190474768286,-96.88381787402324
226,47.32644281543896,-96.45527399142667,6336.0,MISO-0001,47.271264399068826,-96.53359755053111
227,45.55213952833959,-94.61269283144296,164110.0,MISO-0001,45.45086596821188,-94.58570205631901
228,32.26664414926249,-90.44292777193502,211888.0,MISO-8910,32.248840059457905,-90.54270509831247
229,34.28995362083653,-92.42360738766526,18756.0,MISO-8910,34.26817357647245,-92.45729490168753
230,34.268769644045314,-91.93144357598054,62987.0,MISO-8910,34.27575381097864,-92.04270509831247
231,34.42809905200622,-90.84825149642661,14255.0,MISO-8910,34.49770861863917,-90.75
232,33.58941864479853,-91.72001736101794,17054.0,MISO-8910,33.53098957998357,-91.70729490168753
233,36.38175732103857,-91.81825968934182,12492.0,MISO-8910,36.53053583199753,-91.70729490168753
234,36.16093098182829,-91.48000930857444,18122.0,MISO-8910,36.19793563408613,-91.5
235,34.94746645908025,-92.93166885848419,10309.0,MISO-8910,35.00577522836748,-93.0
236,35.44740379354771,-93.03420846016685,64976.0,MISO-8910,35.420174937911774,-93.0
237,36.28703187909389,-92.33692077424057,42982.0,MISO-8910,36.1862349060758,-92.25
238,36.308502617169935,-93.0915400060577,38628.0,MISO-8910,36.169850820346774,-93.0
239,34.78072442609035,-90.78212183058432,8029.0,MISO-8910,34.7049972151083,-90.75
240,35.91088279132932,-92.69953455405181,7848.0,MISO-8910,35.967628258383584,-92.79270509831247
241,35.00254121858018,-93.4114900122574,19956.0,MISO-8910,34.9912007965806,-93.54270509831247
242,40.403592505415254,-91.16484358213776,16803.0,MISO-0004,40.49279781248283,-91.29270509831247
243,40.18301606442456,-87.7328267807367,71259.0,MISO-0004,40.270909079999015,-87.75
244,40.596806119700865,-88.22335841993629,13216.0,MISO-0004,40.6947175169682,-88.29270509831247
245,41.353021025218446,-90.13151702593474,48095.0,MISO-0004,41.24981410661044,-90.20729490168753
246,37.762676839635986,-88.23047449540495,4616.0,MISO-0004,37.694985183871495,-88.29270509831247
247,41.404079738909395,-89.52873762051249,32510.0,MISO-0004,41.45601957572447,-89.45729490168753
248,42.068672633720375,-89.93435255923369,15419.0,MISO-0001,41.99999999999999,-90.0
249,41.32477439457093,-86.26175721083294,46599.0,MISO-0006,41.39636882508314,-86.25
250,38.7078652478321,-86.80309241458869,9856.0,MISO-0006,38.74885472542438,-86.79270509831252
251,39.6224516382526,-90.88621827771173,14231.0,MISO-0004,39.53877869188518,-90.95729490168753
252,38.71237752911225,-88.08510400623258,15219.0,MISO-0004,38.77492166645817,-87.95729490168753
253,40.12443917362279,-89.36746570073873,27182.0,MISO-0004,40.291437269509075,-89.45729490168753
254,39.859870657839124,-88.96158818379422,99300.0,MISO-0004,39.953357945573856,-89.04270509831247
255,38.64952137275782,-88.91898922141667,36382.0,MISO-0004,38.788799864064494,-89.04270509831247
256,41.20538103915296,-90.7413826815139,15229.0,MISO-0004,41.24756657232295,-90.75
257,39.23090168797206,-89.47881163262858,28076.0,MISO-0004,39.20603594668933,-89.45729490168753
258,38.083747898749195,-89.36699771566514,20160.0,MISO-0004,38.0414576735777,-89.45729490168753
259,39.30694709273984,-85.5011986473661,26576.0,MISO-0006,39.4558823124312,-85.5
260,38.36422357663734,-86.87984544146192,44016.0,MISO-0006,38.41356093860497,-86.79270509831252
261,39.6399859400214,-85.17872995508516,23533.0,MISO-0006,39.65485608960862,-85.29270509831247
262,39.03636940573034,-86.96203992048171,31165.0,MISO-0006,38.9615761590612,-87.0
263,39.93101073237374,-85.39643822275511,49137.0,MISO-0006,39.87023701057816,-85.5
264,41.24393083551212,-85.86073472697532,80892.0,MISO-0006,41.1702235715576,-85.70729490168753
265,41.54578980521285,-86.74009985365979,111294.0,MISO-0006,41.41273433821412,-86.79270509831252
266,39.48153327096822,-86.44624042478863,74967.0,MISO-0006,39.4889081892625,-86.45729490168753
267,39.520268542806456,-88.2218390718013,46607.0,MISO-0004,39.53021538728451,-88.29270509831247
268,40.74969213781122,-86.86563957252878,25164.0,MISO-0006,40.66289549897236,-86.79270509831252
269,40.74312009331378,-92.86862065711743,12077.0,MISO-0035,40.6736354560318,-92.79270509831247
270,42.774561635556275,-92.31805382949372,25296.0,MISO-0035,42.727973777027785,-92.25
271,42.385091889289065,-94.64035178446161,9562.0,MISO-0035,42.44628089139911,-94.70729490168753
272,40.16140988141859,-85.71935759981633,135088.0,MISO-0006,40.213327783681635,-85.70729490168753
273,39.781655708272176,-86.13847859465085,992196.0,MISO-0006,39.68277496046955,-86.04270509831252
274,39.39106216263102,-88.80545778563523,20576.0,MISO-0004,39.535545072373125,-88.70729490168753
275,38.88678610258613,-89.43553537751471,16959.0,MISO-0004,38.791450010504846,-89.45729490168753
276,41.67140914686876,-91.58803616579658,160044.0,MISO-0035,41.78294815590328,-91.5
277,41.02937988402937,-93.32773800018259,8847.0,MISO-0035,40.99822985521567,-93.20729490168753
278,42.03574702775719,-92.99878944929432,39890.0,MISO-0035,41.96093017081433,-93.0
279,43.35631798359104,-92.78901432727542,10650.0,MISO-0035,43.258722826531226,-92.79270509831247
280,41.02978068011494,-92.86900496422007,7406.0,MISO-0035,41.00898823167296,-92.79270509831247
281,43.08248026194933,-95.15093513311093,16202.0,MISO-0035,43.17250154398443,-95.25000000000006
282,40.76145995014094,-86.34588158147749,37836.0,MISO-0006,40.646589627534254,-86.25
283,38.95009041501277,-84.96512197652535,5994.0,MISO-0006,38.89137387765886,-84.95729490168748
284,39.31274645926637,-86.83775026152615,21886.0,MISO-0006,39.163308942619814,-86.79270509831252
285,39.77354010190425,-87.20634199224952,16642.0,MISO-0006,39.71652977974785,-87.20729490168753
286,41.68477135652898,-94.03974062936736,118457.0,MISO-0035,41.724757511476554,-93.95729490168748
287,39.666135311703435,-86.84498576507839,37876.0,MISO-0006,39.705850475918616,-86.79270509831252
288,40.38852445715402,-86.89405819454929,190456.0,MISO-0006,40.45565051190482,-86.79270509831252
289,40.955609989291155,-87.39757557786261,14188.0,MISO-0006,41.016602675481415,-87.54270509831252
290,39.54570104859934,-89.27726454297147,33443.0,MISO-0004,39.54029507801622,-89.25
291,40.73510105599821,-94.24398802385303,4642.0,MISO-0035,40.627733835538315,-94.29270509831247
292,41.68499698443028,-95.31011943903648,11689.0,MISO-0035,41.67305475401566,-95.25000000000006
293,42.036143855205694,-93.46503872693931,101291.0,MISO-0035,41.94550772034362,-93.54270509831247
294,43.37749985854469,-93.73413178108511,10251.0,MISO-0035,43.43868454785859,-93.75
295,38.68505170562095,-85.74748281927515,25053.0,MISO-0006,38.71413106362566,-85.70729490168753
296,40.34688344649796,-87.35342924243218,8474.0,MISO-0006,40.259123002540804,-87.20729490168753
297,39.864340756384664,-85.00984594167893,66169.0,MISO-0006,39.84795106950596,-84.95729490168748
298,42.171736297261205,-90.57416987336205,19288.0,MISO-0035,42.20601586241824,-90.54270509831247
299,43.083662446124954,-95.62491061965856,14220.0,MISO-0035,43.146325121108504,-95.79270509831252
300,42.471119243083535,-91.36732637125533,17674.0,MISO-0035,42.53543987799928,-91.29270509831247
301,42.03615326675901,-94.39683351073528,8658.0,MISO-0035,42.11927991652266,-94.5
302,42.38365895857974,-93.70675446755504,14944.0,MISO-0035,42.48153342004378,-93.75
303,44.02331929288316,-98.09134108483177,2388.0,MISO-0001,43.96696445296281,-98.04270509831252
304,45.62898156178502,-96.94615572492043,10255.0,MISO-0001,45.54015355725073,-96.92735096836896
305,42.594943490907134,-85.3089570433985,63991.0,MISO-0027,42.65351714796724,-85.29270509831247
306,46.45701146803813,-98.53542834634126,4135.0,MISO-0001,46.38911580136205,-98.52982495195465
307,46.111891818541324,-99.4411989521992,2451.0,MISO-0001,46.10685323813713,-99.47546181625108
308,44.33822943481349,-85.57843880223083,34445.0,MISO-0027,44.36886521669078,-85.5
309,43.59400079811852,-90.83456922894902,31443.0,MISO-0001,43.497548929866625,-90.75
310,44.75981935361055,-96.66801249866438,4408.0,MISO-0001,44.800736116505405,-96.75
311,46.07012631542407,-94.89756410746875,26060.0,MISO-0001,46.1868988160668,-94.92360223540516
312,44.28427579711085,-92.23021498350886,21537.0,MISO-0001,44.22791279345668,-92.25
313,41.91607895781155,-85.05902372243506,45993.0,MISO-0027,41.88953333387784,-84.95729490168748
314,43.81944797429583,-89.39877008986707,15927.0,MISO-0027,43.70601106750311,-89.45729490168753
315,36.82796270300777,-89.29113835670312,12003.0,MISO-0035,36.747646663743,-89.25
316,47.717650070230675,-98.90159784459694,2329.0,MISO-0001,47.65321177092369,-98.91872346137473
317,45.70563169071579,-89.52160806628268,38131.0,MISO-0001,45.74864623197837,-89.44289852900232
318,44.36962768496612,-96.79043519294106,37635.0,MISO-0001,44.258079896353664,-96.75
319,42.94356705455948,-84.60151324478532,80432.0,MISO-0027,42.82750131033157,-84.54270509831247
320,43.99055271348202,-84.388283662492,26077.0,MISO-0027,43.91264232403579,-84.54270509831247
321,42.67117236054736,-89.07156824303053,166472.0,MISO-0027,42.74601355439097,-89.04270509831247
322,45.21164503795091,-90.50131812132081,20118.0,MISO-0001,45.20599105893183,-90.54664612744091
323,45.93729827739637,-93.6301231184259,27753.0,MISO-0001,45.89874730726094,-93.66278828475856
324,44.022101687223774,-95.76327282480506,7942.0,MISO-0035,44.10339741645145,-95.79270509831252
325,44.00370615199859,-92.40167485275815,166731.0,MISO-0001,44.01636509249464,-92.45729490168753
326,47.87177185425341,-96.09535249633015,3940.0,MISO-0001,47.840472537831765,-96.056674190048
327,45.26229071623608,-89.07183165457458,19534.0,MISO-0027,45.20323792819351,-89.03575427834352
328,44.898376673328144,-89.75914276913372,139432.0,MISO-0001,44.99981250246361,-89.79270509831247
329,39.71549272260191,-90.20126876424403,32515.0,MISO-0004,39.749815642237145,-90.20729490168753
330,30.126450785286277,-90.47109989412378,39875.0,MISO-8910,30.20617732657425,-90.54270509831247
331,30.879814899606764,-91.41996706111483,15134.0,MISO-8910,30.9486331735848,-91.5
332,46.89670389101504,-88.68840097084382,37842.0,MISO-0027,47.03431586919643,-88.61170645564658
333,42.59699933082426,-84.37354474898898,289709.0,MISO-0027,42.60381880413191,-84.20729490168748
334,43.29044500252389,-91.84367095900323,19733.0,MISO-0035,43.28000750844422,-91.70729490168753
335,42.66839545947867,-88.54193498998227,106127.0,MISO-0027,42.74021180054631,-88.5
336,45.579906639018,-103.49585554289091,1331.0,MISO-0001,45.48634605223034,-103.53402951179044
337,44.36958279204009,-97.4915034411188,5284.0,MISO-0001,44.211221057737575,-97.5
338,43.67419705453336,-97.36844282965636,5964.0,MISO-0001,43.81018279916716,-97.29270509831252
339,45.76652016118616,-99.22140332241136,2347.0,MISO-0001,45.922729320713096,-99.19191385592768
340,43.70774946996114,-83.99128296001852,102123.0,MISO-0027,43.550107782007466,-84.0
341,30.511843318145893,-89.11596113080141,217136.0,MISO-8910,30.539204906005825,-89.04270509831247
342,48.783778302462736,-105.54839057146839,1612.0,MISO-0001,48.64756139386088,-105.57075586658738
343,36.36835991786287,-90.41748064488638,14052.0,MISO-8910,36.2060698241491,-90.54270509831247
344,35.53805897221702,-92.02675180535033,25672.0,MISO-8910,35.44008722667554,-92.04270509831247
345,35.295733690107724,-90.77121528723401,16186.0,MISO-8910,35.24768637671286,-90.75
346,48.24484266157443,-93.78325857139016,11587.0,MISO-0001,48.13916572139169,-93.96204664072883
347,42.73298667939473,-93.7351380174189,12801.0,MISO-0035,42.68879138971945,-93.75
348,34.5766440573957,-93.15038308064197,99695.0,MISO-8910,34.665266072184124,-93.20729490168753
349,39.52759641950965,-91.52214696050578,10444.0,MISO-0035,39.53306442585206,-91.5
350,39.352308370180566,-93.98994584297948,23398.0,MISO-0035,39.475572543249804,-93.95729490168748
351,31.640738079090653,-88.69583724353046,19807.0,MISO-8910,31.70077417183011,-88.70729490168753
352,41.334285305506754,-93.56133990266122,57331.0,MISO-0035,41.40292187090922,-93.54270509831247
353,40.73944527982561,-93.32736221502267,6738.0,MISO-0035,40.66289549897236,-93.20729490168753
354,42.42776213353056,-94.18170932242106,36838.0,MISO-0035,42.462531060064,-94.29270509831247
355,38.16167672696703,-91.92488480241138,8397.0,MISO-0035,38.232294018293466,-92.04270509831247
356,29.875995082604828,-93.19368268419404,4718.0,MISO-8910,29.961123924399345,-93.20729490168753
357,32.13308622726507,-91.6738747113417,19002.0,MISO-8910,32.03126494244894,-91.70729490168753
358,29.786729662233846,-90.12711497271579,431398.0,MISO-8910,29.7925434035578,-90.20729490168753
359,29.440452718731702,-89.60851458022823,22256.0,MISO-8910,29.456194319231077,-89.45729490168753
360,38.63579696947789,-90.24513417222943,278144.0,MISO-0035,38.79252198505362,-90.20729490168753
361,32.017580851833486,-89.5066370784146,13991.0,MISO-8910,32.04154919166026,-89.45729490168753
362,46.66422411726258,-89.31491099600797,5823.0,MISO-0027,46.70584955137273,-89.42395059430117
363,40.19055155381761,-92.60071938087547,25684.0,MISO-0035,40.266706920121436,-92.45729490168753
364,44.02185204473772,-97.61019599199349,2281.0,MISO-0001,43.99014620250119,-97.70729490168753
365,42.24843270919781,-84.4234284992513,159552.0,MISO-0027,42.41306350292949,-84.54270509831247
366,44.68456345842548,-85.0902135649916,18693.0,MISO-0027,44.681611906601916,-84.95729490168748
367,46.47045926058185,-85.54442649307177,6339.0,MISO-0027,46.41077411008089,-85.4773661605733
368,43.9897003393076,-85.3252842243983,23516.0,MISO-0027,43.94597057056715,-85.29270509831247
369,44.335462882974966,-84.61156449182756,23914.0,MISO-0027,44.32717855333034,-84.54270509831247
370,43.67412795159432,-96.79147367883319,212691.0,MISO-0001,43.50826507304733,-96.75
371,45.027509177639274,-84.1272324054037,9842.0,MISO-0027,45.05850648079486,-84.16551593185187
372,43.06726210315508,-89.41815295536962,590375.0,MISO-0027,42.9560130256959,-89.45729490168753
373,31.622516146181848,-89.168823799104,66496.0,MISO-8910,31.705100016642483,-89.25
374,43.7536027356512,-88.48818910730334,104669.0,MISO-0027,43.69748637345071,-88.5
375,42.57695605584315,-88.04238951968713,168448.0,MISO-0027,42.524562091181394,-87.95729490168753
376,31.5323645352499,-90.45396759534403,35012.0,MISO-8910,31.49885494028728,-90.54270509831247
377,39.96068006899737,-93.98548105611417,8558.0,MISO-0035,39.88998089520607,-93.95729490168748
378,43.310754189162736,-97.14859259359828,9314.0,MISO-0001,43.26768451390053,-97.29270509831252
379,41.914388946417155,-85.52776962030741,60968.0,MISO-0027,41.91205057780224,-85.5
380,46.19616854571544,-86.19986889588783,8187.0,MISO-0027,46.23279896797058,-86.29416154665483
381,42.953625176959335,-84.14672835879895,67681.0,MISO-0027,42.81103158527838,-84.20729490168748
382,44.41237445846813,-96.2671045724023,5583.0,MISO-0035,44.28888450347109,-96.20729490168753
383,44.007078657710544,-95.181103282473,11405.0,MISO-0035,43.922348375960055,-95.25000000000006
384,43.67386010006446,-93.94792927542004,13888.0,MISO-0035,43.638983419516876,-93.95729490168748
385,45.06452589591455,-99.95731718151102,2377.0,MISO-0001,45.11007622716085,-99.93279566255922
386,44.0814923766605,-88.21802356007554,53982.0,MISO-0027,44.02999195358686,-88.29270509831247
387,43.46658476658639,-89.33368973764122,58132.0,MISO-0027,43.497548929866625,-89.25
388,33.60187258885695,-90.58877207043736,22893.0,MISO-8910,33.54152138045862,-90.54270509831247
389,30.652854689677472,-92.82806467215956,22672.0,MISO-8910,30.72009010606166,-92.79270509831247
390,32.09227932256161,-92.11652701750575,9344.0,MISO-8910,32.02632804563452,-92.04270509831247
391,39.82352418896203,-85.7732912090141,90969.0,MISO-0006,39.87807840363683,-85.70729490168753
392,45.44394726633454,-93.77444656036924,104194.0,MISO-0001,45.47894621418392,-93.82151088747418
393,44.02220625501838,-93.22604723805857,37464.0,MISO-0035,43.99782352841073,-93.20729490168753
394,45.28281450569303,-95.68142690877852,9763.0,MISO-0001,45.4075758348751,-95.56102137379355
395,40.13985595886561,-88.19916971317254,209972.0,MISO-0004,40.280156549862895,-88.29270509831247
396,42.07963006516859,-92.53255222110084,16796.0,MISO-0035,42.18106608076728,-92.45729490168753
397,30.463386400669187,-91.31270273170752,28756.0,MISO-8910,30.53632240602583,-91.29270509831247
398,41.683648849232306,-94.50101883642532,10782.0,MISO-0035,41.704825841754705,-94.5
399,43.08180798617142,-93.73427189363642,10528.0,MISO-0035,43.231414977737614,-93.75
400,43.35671477516403,-92.31720216498417,9415.0,MISO-0035,43.27064982936502,-92.25
401,44.354174999632974,-93.29661642241558,69939.0,MISO-0001,44.412395810839364,-93.20729490168753
402,48.775195222567326,-95.81087848416693,15246.0,MISO-0001,48.81224054494704,-95.78748172720509
403,43.08258666990858,-96.17785764132765,36774.0,MISO-0035,43.12458358390819,-96.20729490168753
404,38.0921354542009,-87.27217029927036,66803.0,MISO-0006,38.009664915424906,-87.20729490168753
405,40.50743809239995,-89.51347908800159,130049.0,MISO-0004,40.49873068305897,-89.45729490168753
406,40.472575097241524,-90.20759700182451,32901.0,MISO-0004,40.49981481096423,-90.20729490168753
407,36.268257350527094,-92.68413420555689,17593.0,MISO-8910,36.17484776605432,-92.79270509831247
408,40.737330233690926,-94.69641106064547,5835.0,MISO-0035,40.61160963996906,-94.70729490168753
409,39.769483428541534,-88.2174017251248,19880.0,MISO-0004,39.73749316900483,-88.29270509831247
410,42.66023876706983,-83.38581080802243,1288337.0,MISO-0027,42.56343810708059,-83.45729490168748
411,41.686230412586625,-92.06549450551834,16504.0,MISO-0035,41.77460929572977,-92.04270509831247
412,41.68597673242088,-93.05374030598568,38153.0,MISO-0035,41.75366619800054,-93.0
413,39.000053643230224,-89.02413397830067,20790.0,MISO-0004,38.9960886456207,-89.04270509831247
414,36.117581930326665,-90.5590120434118,47411.0,MISO-8910,36.2060698241491,-90.54270509831247
415,36.094826477477866,-91.91336539165252,14405.0,MISO-8910,36.18993713432332,-92.04270509831247
416,41.03175353402476,-91.94889086333957,15291.0,MISO-0035,41.02466890091328,-92.04270509831247
417,42.12113574754577,-91.13146143776908,21253.0,MISO-0035,42.20003750407266,-91.29270509831247
418,43.20377299760916,-94.20671687180432,14322.0,MISO-0035,43.21237512674039,-94.29270509831247
419,40.92308985573188,-91.18152841612532,38077.0,MISO-0035,41.03548257749274,-91.29270509831247
420,44.41332803340825,-95.83899750546148,25684.0,MISO-0035,44.31066566315605,-95.79270509831252
421,42.38614638254708,-95.10529177218577,9525.0,MISO-0035,42.43203427177577,-95.04270509831252
422,44.68533855903142,-83.59373729831353,10556.0,MISO-0027,44.6055276796182,-83.45729490168748
423,45.122936993006476,-94.52737283441472,23603.0,MISO-0001,45.11756279486406,-94.5325445012312
424,43.67137692826464,-92.75251462669709,40971.0,MISO-0035,43.673286554119606,-92.79270509831247
425,37.0539453844303,-88.712535589826,67553.0,MISO-0006,36.95028852785059,-88.70729490168753
426,44.68355468082303,-84.6102946699608,13722.0,MISO-0027,44.66256534528679,-84.54270509831247
427,42.595982095022286,-84.83830088937341,109581.0,MISO-0027,42.62995864189289,-84.75
428,41.0301331854754,-95.15635600063608,10002.0,MISO-0035,41.13063065618019,-95.25000000000006
429,41.02272548219289,-87.11618792485692,33894.0,MISO-0006,41.00898823167296,-87.20729490168753
430,48.34349987538489,-103.48045079324645,41767.0,MISO-0001,48.480685859632736,-103.63998654210292
431,31.343150032281965,-93.85168746484075,10012.0,MISO-8910,31.43910171627426,-93.95729490168748
432,39.145073896730835,-84.97332101213756,51609.0,MISO-0006,39.098503058945425,-84.95729490168748
433,41.04183918817457,-86.69879631505582,12463.0,MISO-0006,40.99822985521567,-86.79270509831252
434,39.61987442252887,-85.46575743202807,16767.0,MISO-0006,39.66305738733118,-85.5
435,42.037153792008354,-95.38198927552078,16237.0,MISO-0035,42.07779613177996,-95.45729490168753
436,39.49544693506121,-92.00076043247327,8959.0,MISO-0035,39.52482514011129,-92.04270509831247
437,39.33354664394073,-87.78774314439387,15114.0,MISO-0004,39.185651731163574,-87.75
438,42.84455256888028,-91.34127720727938,16845.0,MISO-0035,42.742730442858836,-91.29270509831247
439,40.73763844554981,-93.78628873865479,7655.0,MISO-0035,40.646589627534254,-93.75
440,42.05159812875545,-95.95978653806127,8539.0,MISO-0035,42.0507171192043,-96.00000000000006
441,44.638682991823615,-86.01556743428812,18568.0,MISO-0027,44.72432270960497,-86.04270509831252
442,43.987797512379615,-84.8478618272868,31543.0,MISO-0027,43.922348375960055,-84.75
443,39.3561546991071,-90.39050841349975,11313.0,MISO-0004,39.20603594668933,-90.54270509831247
444,39.16080136503313,-86.52309902544343,143345.0,MISO-0006,39.15362372365964,-86.45729490168753
445,38.54174200537264,-86.49506130195923,19834.0,MISO-0006,38.40393144179027,-86.45729490168753
446,39.10335525890538,-85.2624548934517,29434.0,MISO-0006,39.112505074922254,-85.29270509831247
447,40.74551847507754,-95.60464365966347,6522.0,MISO-0035,40.57865157220254,-95.45729490168753
448,42.731471014444196,-92.79018040027891,14049.0,MISO-0035,42.71606261535736,-92.79270509831247
449,41.33141454245964,-94.92783669420425,12960.0,MISO-0035,41.34707201397119,-95.04270509831252
450,35.830897784109304,-90.63290709253425,116957.0,MISO-8910,35.79148576831043,-90.54270509831247
451,44.999025986924934,-85.14018325287574,24698.0,MISO-0027,45.10909606984841,-85.25867477622705
452,44.022881305730856,-96.258648735631,9260.0,MISO-0035,44.0816206793393,-96.20729490168753
453,45.585933729089334,-95.44448820871709,11420.0,MISO-0001,45.623157761780064,-95.38846645759241
454,45.93364980945763,-95.45351363533382,40120.0,MISO-0001,45.82863668718281,-95.42738316941995
455,41.21847274377971,-91.25943486001324,10416.0,MISO-0035,41.24277039623172,-91.29270509831247
456,41.33435871329493,-93.09944600055509,34192.0,MISO-0035,41.41831037291129,-93.0
457,39.961776501151725,-90.75037473256664,6401.0,MISO-0004,39.95487840694197,-90.75
458,35.02212688341102,-90.74780400237603,21800.0,MISO-8910,35.04039746461411,-90.75
459,44.06467837368172,-83.89409289856796,15068.0,MISO-0027,44.0816206793393,-83.79270509831247
460,38.31890354297454,-85.90680507675826,82153.0,MISO-0006,38.39070382767552,-86.04270509831252
461,31.676530213706744,-92.16033034656645,15154.0,MISO-8910,31.687539453670322,-92.25
462,32.47828160905873,-92.15494983533507,158542.0,MISO-8910,32.437287243216325,-92.25
463,32.41776631248926,-91.76372902538124,19582.0,MISO-8910,32.44577546901773,-91.70729490168753
464,29.869386780442927,-89.55523680658293,45642.0,MISO-8910,29.791596822570934,-89.45729490168753
465,35.58063487417075,-92.51561179694453,16238.0,MISO-8910,35.4323922064244,-92.45729490168753
466,43.31092995370611,-85.15234156854608,69406.0,MISO-0027,43.4033471745281,-85.29270509831247
467,43.2911720632336,-86.15185388144793,177901.0,MISO-0027,43.231414977737614,-86.25
468,42.46874209756553,-90.88242314739735,99381.0,MISO-0035,42.5387210292614,-90.95729490168753
469,43.059874333474994,-92.78900680414866,14901.0,MISO-0035,42.92333893336809,-92.79270509831247
470,41.483944200852875,-91.1128064571284,41853.0,MISO-0035,41.453326678737085,-90.95729490168753
471,43.37856959764051,-95.62366604849866,5980.0,MISO-0035,43.37004850837949,-95.45729490168753
472,41.685404395893485,-93.57349573996096,516546.0,MISO-0035,41.73825606241123,-93.54270509831247
473,41.686351150344244,-92.53144756366741,18368.0,MISO-0035,41.766516316730204,-92.45729490168753
474,44.33289772055463,-86.05688398561207,25656.0,MISO-0027,44.38892394833063,-86.04270509831252
475,43.28412132335278,-91.37800168771204,14238.0,MISO-0035,43.285425990346994,-91.29270509831247
476,42.47000184679312,-92.3087999335805,131532.0,MISO-0035,42.52069205662085,-92.25
477,42.47071706755335,-91.83783005176215,20883.0,MISO-0035,42.53003176524917,-91.70729490168753
478,43.673943494425146,-92.09016542900545,21540.0,MISO-0001,43.689103247501556,-92.04270509831247
479,45.01699955482907,-93.0995997800618,541623.0,MISO-0001,44.960712147569026,-93.0
480,31.477213966777544,-90.89791675415373,7491.0,MISO-8910,31.496437160999847,-90.95729490168753
481,31.214144066271206,-88.63916466268067,13707.0,MISO-8910,31.28623228589873,-88.70729490168753
482,46.447398732757385,-103.45999099292024,628.0,MISO-0001,46.44514391543879,-103.53224253528163
483,42.36574201474228,-90.21237055693645,21594.0,MISO-0001,42.207108294408336,-90.20729490168753
484,41.616610270110606,-86.2898650591702,272861.0,MISO-0006,41.73169377469231,-86.25
485,41.280911698791954,-86.64772738728473,23425.0,MISO-0006,41.20548093159086,-86.79270509831252
486,46.607251118938606,-93.41533445753566,16252.0,MISO-0001,46.6567960092604,-93.40391696915628
487,37.518226700723055,-88.26688704850379,3588.0,MISO-0004,37.48771380077751,-88.29270509831247
488,37.412514617545476,-88.5614775008912,3672.0,MISO-0004,37.490516382731634,-88.5
489,42.24536744654437,-85.53118176665228,263795.0,MISO-0027,42.11927991652266,-85.5
490,40.81785399090419,-90.92522339305071,5984.0,MISO-0004,40.70334095727983,-90.95729490168753
491,46.93464874846428,-95.67394237784363,35497.0,MISO-0001,46.90421456654441,-95.63594045614616
492,43.6405115036696,-84.84678462017558,64691.0,MISO-0027,43.586996490296414,-84.75
493,39.2058988077735,-85.89764119529889,85729.0,MISO-0006,39.140319427195344,-86.04270509831252
494,40.582789155808626,-86.56343546772426,20655.0,MISO-0006,40.653118762538966,-86.45729490168753
495,39.758111095776194,-89.65906759578742,194170.0,MISO-0004,39.749815642237145,-89.79270509831247
496,38.024882956539265,-87.58583850351376,181995.0,MISO-0006,38.01712618778109,-87.54270509831252
497,39.85351269329569,-87.46394994259101,15488.0,MISO-0006,39.93134911253357,-87.54270509831252
498,40.845484311369916,-85.79398504573817,30713.0,MISO-0006,40.96300755773983,-85.70729490168753
499,42.6028176842692,-83.91151663807555,197315.0,MISO-0027,42.5931521276288,-84.0
500,40.78820611471769,-89.21109199521564,38111.0,MISO-0004,40.70486798125537,-89.25
501,40.0101132311429,-88.59117562814295,16791.0,MISO-0004,39.94762831216354,-88.5
502,38.05205450679413,-89.82516045454513,29921.0,MISO-0004,38.04252310298232,-89.79270509831247
503,43.674567283074445,-96.25320592314706,9524.0,MISO-0035,43.539038679444396,-96.20729490168753
504,45.423511974466045,-91.84830956999146,46484.0,MISO-0001,45.5294960732389,-91.73992824965319
505,37.75310937031678,-88.54075306816176,22772.0,MISO-0004,37.697793133974145,-88.5
506,43.38386902282385,-87.95098810840027,94346.0,MISO-0027,43.48181480765934,-87.95729490168753
507,31.230790814092657,-89.82239209863961,24001.0,MISO-8910,31.29253865734314,-89.79270509831247
508,38.30044377955826,-88.92402418292394,36147.0,MISO-0004,38.24611175597003,-89.04270509831247
509,44.820737587647,-93.80254032332309,114379.0,MISO-0001,44.731304140095624,-93.75
510,47.57635432866776,-95.37887856931405,8647.0,MISO-0001,47.65837204477536,-95.55681823225046
511,46.00883691635084,-87.87025733726423,25827.0,MISO-0027,45.937837083895815,-87.8879315105305
512,43.292636229876635,-84.60491697644046,41190.0,MISO-0027,43.37004850837949,-84.54270509831247
513,42.94500040136384,-85.07460314984148,66557.0,MISO-0027,42.84649485224579,-84.95729490168748
514,43.08996875682856,-83.22180355685431,89516.0,MISO-0027,43.0938361600064,-83.25
515,41.89506403018893,-84.06640069036206,97779.0,MISO-0027,41.84354020724631,-84.0
516,38.27839486189931,-90.17722708321237,34840.0,MISO-0004,38.249817683174754,-90.20729490168753
517,38.9968559947418,-85.62810770743887,27622.0,MISO-0006,38.92130208458762,-85.70729490168753
518,37.47122221444849,-89.25508562911062,16656.0,MISO-0004,37.4976292199259,-89.25
519,38.42954564465901,-88.42555602112718,15882.0,MISO-0004,38.44773162736173,-88.5
520,42.59125865695789,-85.88846761952337,123188.0,MISO-0027,42.68183242115432,-86.04270509831252
521,38.841110780572734,-86.48346592343084,45568.0,MISO-0006,38.73919949169282,-86.45729490168753
522,35.85986036404468,-92.15662977624172,12703.0,MISO-8910,35.771744011893865,-92.25
523,40.4561120787531,-90.67790728594834,25916.0,MISO-0004,40.497575795114315,-90.75
524,40.49082362103948,-88.8474057168414,171419.0,MISO-0004,40.49279781248283,-88.70729490168753
525,42.24648654010337,-85.00557834196847,133408.0,MISO-0027,42.09674557242647,-84.95729490168748
526,41.3436470597548,-88.88600624945877,107773.0,MISO-0004,41.24603545196941,-89.04270509831247
527,41.03321650509918,-89.34469724446798,11473.0,MISO-0004,41.04027405322832,-89.25
528,38.826214190433426,-85.03704865684534,10037.0,MISO-0006,38.89137387765886,-84.95729490168748
529,45.446202900057045,-84.49981302151244,25793.0,MISO-0027,45.4075758348751,-84.43897862620645
530,39.085675173883615,-90.3567411897794,21160.0,MISO-0004,38.99981659985943,-90.20729490168753
531,32.879744876294914,-90.81321482269219,3097.0,MISO-8910,32.79047017833241,-90.75
532,38.632645751674815,-92.58320539017433,15428.0,MISO-0035,38.766968766604414,-92.45729490168753
533,37.96152593342097,-90.87737056816358,23810.0,MISO-0035,38.038823712575805,-90.95729490168753
534,46.09697656101814,-102.52835192071602,2275.0,MISO-0001,46.02137719019412,-102.49517789470099
535,30.54226982632694,-88.63566420768392,147666.0,MISO-8910,30.53632240602583,-88.70729490168753
536,37.55504469944782,-90.77312406130306,9318.0,MISO-0035,37.4976292199259,-90.75
537,41.41688066948382,-87.38220599338428,504612.0,MISO-0006,41.43114252598433,-87.54270509831252
538,40.040302301061,-86.89329582680188,38954.0,MISO-0006,39.918618776818924,-87.0
539,39.62556512599231,-84.92513616766111,6863.0,MISO-0006,39.640801263385654,-84.95729490168748
540,42.735401915740574,-95.15113667709348,20449.0,MISO-0035,42.639261664296654,-95.04270509831252
541,40.096831700920085,-91.7220799731016,9879.0,MISO-0035,39.94477160548884,-91.70729490168753
542,39.641396250006785,-88.61924381360221,14371.0,MISO-0004,39.74283016445855,-88.70729490168753
543,44.582928752578454,-92.00181367369471,7513.0,MISO-0001,44.439087827217236,-92.04270509831247
544,38.08739612546948,-88.17958632215114,13250.0,MISO-0004,38.03035869202972,-88.29270509831247
545,39.41489015520986,-85.06014984568526,23286.0,MISO-0006,39.43365716867262,-84.95729490168748
546,35.57414961093169,-90.66296904391643,22483.0,MISO-8910,35.45497540994507,-90.75
547,46.976824898871776,-100.46867735379577,103251.0,MISO-0001,46.98594807312923,-100.38060149085777
548,39.65572255078586,-93.98269197829525,9012.0,MISO-0035,39.68277496046955,-93.95729490168748
549,43.55387358231218,-85.800923046371,51622.0,MISO-0027,43.626902348676346,-85.70729490168753
550,44.1197446221323,-87.80987733134113,81710.0,MISO-0027,44.02062271664163,-87.75
551,37.96970522014322,-86.21675344738836,30699.0,MISO-0006,37.98311926639175,-86.25
552,45.02571143329748,-88.26835133465849,40195.0,MISO-0027,44.98727965973114,-88.29270509831247
553,45.771948003363875,-96.47180117459392,3130.0,MISO-0001,45.77735476742934,-96.41653072189644
554,46.585496281284165,-94.9693735133768,14388.0,MISO-0001,46.59846821184342,-94.9951130887091
555,43.98684633617138,-91.77892188962126,50523.0,MISO-0001,44.02999195358686,-91.70729490168753
556,33.21423708170486,-93.22733485789931,21894.0,MISO-8910,33.16615137815294,-93.20729490168753
557,30.151517323016474,-94.81198214348576,121364.0,MISO-8910,30.123190946933157,-94.70729490168753
558,31.56961147228427,-89.8229372991798,10941.0,MISO-8910,31.49983293872001,-89.79270509831247
559,30.862595211067276,-88.64398079454573,26331.0,MISO-8910,30.950861847593558,-88.70729490168753
560,31.174432727447822,-90.80441605034284,12487.0,MISO-8910,31.290526339961424,-90.75
561,31.174788793001053,-90.40417554679692,38712.0,MISO-8910,31.291564290430177,-90.54270509831247
562,38.754118374440274,-88.49020554485905,12793.0,MISO-0004,38.78311643577221,-88.5
563,43.000397250185664,-90.13536046874714,23951.0,MISO-0027,42.95710788063409,-90.20729490168753
564,45.42989444801968,-100.03142475061573,5217.0,MISO-0001,45.5122698635733,-100.07469217095564
565,31.734350766154662,-91.03727169982452,6825.0,MISO-8910,31.703719018616727,-90.95729490168753
566,31.913200408342473,-89.91947209761163,25498.0,MISO-8910,32.04270509831249,-90.0
567,39.05976227739039,-88.58983708645323,34519.0,MISO-0004,38.99039630358212,-88.5
568,33.448443764683155,-89.92009268767633,9226.0,MISO-8910,33.54270509831248,-90.0
569,46.43254741209941,-91.91622137166846,43990.0,MISO-0001,46.485894533636845,-91.7990546347321
570,42.7474937122811,-88.06125744639034,198919.0,MISO-0027,42.73184613781748,-87.95729490168753
571,45.89888334449418,-91.79118872974503,17087.0,MISO-0001,45.94370311940249,-91.76528446877745
572,45.171912349461444,-96.76749982464662,7534.0,MISO-0001,45.00514687555916,-96.79856307962575
573,45.41890407445044,-99.21531745209637,4022.0,MISO-0001,45.37635000532612,-99.23469666389514
574,38.84352142634491,-92.81010752268223,17136.0,MISO-0035,38.75946146140731,-92.79270509831247
575,31.205907568149808,-89.50863212358036,67403.0,MISO-8910,31.291564290430177,-89.45729490168753
576,44.67377499548714,-97.18832049826365,6900.0,MISO-0001,44.76731625602215,-97.29270509831252
577,44.470279538550884,-88.96487150085069,51461.0,MISO-0027,44.45329683009767,-89.04270509831247
578,46.964441362256096,-104.24929259934986,885.0,MISO-0001,46.902378259915196,-104.23460066178836
579,38.21442472618352,-92.4282502146587,25817.0,MISO-0035,38.224375822021464,-92.45729490168753
580,31.633152171175425,-89.55257346926989,17898.0,MISO-8910,31.706145650096566,-89.45729490168753
581,31.18868794694725,-89.25780496686501,79034.0,MISO-8910,31.290526339961424,-89.25
582,34.646605559161046,-92.67618500266327,133288.0,MISO-8910,34.67543137976092,-92.79270509831247
583,38.505346072868925,-92.28160838766257,77908.0,MISO-0035,38.43577550606091,-92.25
584,32.3020447172447,-92.5577711543902,15834.0,MISO-8910,32.22621696267485,-92.45729490168753
585,39.00263135489024,-87.75950728874867,18648.0,MISO-0004,38.97838956048776,-87.75
586,38.46030284125574,-91.86198459330926,13611.0,MISO-0035,38.44490548495723,-91.70729490168753
587,45.75854046087864,-97.59860973242182,4426.0,MISO-0001,45.70876795773258,-97.53775761911663
588,31.148375930806846,-90.10604367912113,13928.0,MISO-8910,31.29253865734314,-90.20729490168753
589,45.56139183177537,-93.29505392574764,44386.0,MISO-0001,45.49607353942601,-93.26850494958074
590,43.995050261788215,-86.2499616808633,29040.0,MISO-0027,43.98133853244958,-86.25
591,43.671334034441955,-91.49286807737668,18400.0,MISO-0001,43.69748637345071,-91.5
592,44.71961028768151,-92.42228378842549,43519.0,MISO-0001,44.766350752397905,-92.45729490168753
593,44.47584966055026,-89.50128832028125,71943.0,MISO-0027,44.45600998918349,-89.45729490168753
594,47.45704666614244,-98.23701312063042,2239.0,MISO-0001,47.49530664735559,-98.25910362482608
595,41.0469647022198,-86.26356214128643,20091.0,MISO-0006,40.981895928315225,-86.25
596,40.07242559601859,-86.05202937531372,387036.0,MISO-0006,40.22525460254817,-86.04270509831252
597,38.785772453025295,-85.43863510553257,33279.0,MISO-0006,38.706353744342174,-85.5
598,41.46035210070103,-87.06726701278,176049.0,MISO-0006,41.41831037291129,-87.0
599,47.30893947621249,-101.83178879506082,8441.0,MISO-0001,47.38459258807963,-101.85971702925224
600,46.251693873446904,-105.5713242192929,12034.0,MISO-0001,46.17892241610943,-105.58436341897033
601,44.82347441161379,-94.27247905061816,36631.0,MISO-0001,44.91952043227608,-94.29270509831247
602,47.265663959990334,-104.89876924152318,8692.0,MISO-0001,47.24448898803474,-104.80502224890142
603,38.4771629766092,-85.70738926581545,130451.0,MISO-0006,38.37893001301488,-85.70729490168753
604,37.84143530157176,-86.77781634614945,9050.0,MISO-0006,37.99912330414942,-86.79270509831252
605,39.83067903929095,-92.56453151629218,15190.0,MISO-0035,39.93134911253357,-92.45729490168753
606,37.992266931946524,-88.92415010596157,36916.0,MISO-0004,38.038823712575805,-89.04270509831247
607,33.95743372797282,-91.7333962905169,12764.0,MISO-8910,33.9455089077797,-91.70729490168753
608,38.94129412597185,-91.47032392160895,11590.0,MISO-0035,38.99039630358212,-91.5
609,34.86084285874735,-94.06327517334775,9965.0,MISO-8910,34.978435765362,-93.95729490168748
610,43.059992494633214,-92.31767569550027,11663.0,MISO-0035,42.93525665059723,-92.25
611,44.4551621891106,-90.04147549006275,74060.0,MISO-0001,44.45729490168751,-90.0
612,46.860483213263684,-105.37659550832096,1112.0,MISO-0001,46.74614428113676,-105.41742792584103
613,48.772301112981275,-98.46480194387874,3497.0,MISO-0001,48.65378419322795,-98.3623237492742
614,46.11029228248145,-98.50466402512988,4895.0,MISO-0001,46.186236222740206,-98.46912646190225
615,43.4161405337927,-88.70753378348456,89097.0,MISO-0027,43.49271793321675,-88.70729490168753
616,46.48183105825385,-94.07095929455033,69132.0,MISO-0001,46.42418074293512,-94.16938723628749
617,41.59730923691459,-85.85873042528259,208774.0,MISO-0006,41.71274192055409,-85.70729490168753
618,42.737818776514835,-96.21411092115328,25697.0,MISO-0035,42.789308121319785,-96.20729490168753
619,47.57507639112342,-100.34572559240148,1296.0,MISO-0001,47.54528156246188,-100.20536625587556
620,39.16888615785156,-90.66725607685025,4300.0,MISO-0004,39.204890488736105,-90.75
621,46.59239036786361,-92.67701853143721,36711.0,MISO-0001,46.67765674869371,-92.60808081184558
622,38.42354035391459,-92.88589935903117,22418.0,MISO-0035,38.42413944508023,-92.79270509831247
623,45.70906773107251,-101.19691416172843,3781.0,MISO-0001,45.74324490738351,-101.18947806562295
624,43.018122006255595,-88.304516630492,417210.0,MISO-0027,42.94460708503468,-88.29270509831247
625,39.797719148862456,-92.07663619367234,5870.0,MISO-0035,39.73209552108567,-92.04270509831247
626,31.550088192417185,-90.10701302677987,11819.0,MISO-8910,31.49983293872001,-90.20729490168753
627,29.905401179564315,-90.35813738346991,50586.0,MISO-8910,29.99983762263603,-90.20729490168753
628,30.026296739796035,-90.79634146533886,18938.0,MISO-8910,29.99787443869588,-90.75
629,44.40974117247112,-92.72278635147255,48195.0,MISO-0001,44.423257480598295,-92.79270509831247
630,39.2158501519509,-91.8415017882865,24528.0,MISO-0035,39.19483427584928,-91.70729490168753
631,33.49390407136325,-89.61627930921206,9354.0,MISO-8910,33.54152138045862,-89.45729490168753
632,48.79240713515535,-100.83329737956,6284.0,MISO-0001,48.79805329672111,-100.66972043694392
633,38.76454697818674,-91.16059181748807,39016.0,MISO-0035,38.78558369154299,-91.29270509831247
634,40.12077878175901,-87.24204309362348,17013.0,MISO-0006,40.259123002540804,-87.20729490168753
635,45.94494857858801,-93.29351505980223,16628.0,MISO-0001,45.90931331376307,-93.31606167039354
636,31.17186093862861,-88.99233019115688,11577.0,MISO-8910,31.28915548991137,-89.04270509831247
637,40.41026251469194,-91.73825779054656,6475.0,MISO-0035,40.48743670455003,-91.70729490168753
638,38.44060140806445,-91.50795829651636,14784.0,MISO-0035,38.44773162736173,-91.5
639,48.790841512830404,-102.51844918141353,2132.0,MISO-0001,48.821836942809426,-102.48329092295307
640,40.74764835711574,-92.40971880382409,9230.0,MISO-0035,40.681236891673514,-92.45729490168753
641,35.20772862959185,-90.30885031861689,46210.0,MISO-8910,35.2498232572358,-90.20729490168753
642,40.93166336689655,-90.21323853605811,47767.0,MISO-0004,41.04251938688027,-90.20729490168753
643,40.05078987036568,-86.46870802813446,80689.0,MISO-0006,39.90335276780371,-86.45729490168753
644,39.27336513790107,-88.24018736677864,10208.0,MISO-0004,39.19483427584928,-88.29270509831247
645,40.17463336379531,-88.90412850189769,15118.0,MISO-0004,40.288760210561996,-89.04270509831247
646,43.423322906468414,-82.82000715466852,40083.0,MISO-0027,43.474890580556334,-82.70729490168748
647,39.010001431840514,-88.15385016374991,9032.0,MISO-0004,38.987558203975695,-88.29270509831247
648,37.81013824590917,-90.47215228368573,67809.0,MISO-0035,37.706051180972054,-90.54270509831247
649,41.20445682606646,-89.2857741679004,5619.0,MISO-0004,41.24756657232295,-89.25
650,40.30168500071031,-86.47512603114532,33322.0,MISO-0006,40.23865373644012,-86.45729490168753
651,39.76944712348021,-86.5099785714762,193510.0,MISO-0006,39.69612906896369,-86.45729490168753
652,39.523605779037595,-85.79166231294892,45882.0,MISO-0006,39.46370237311598,-85.70729490168753
653,42.2531666900814,-83.838780095928,370214.0,MISO-0027,42.374916657647226,-83.79270509831247
654,46.432500796272535,-102.46018462248009,2492.0,MISO-0001,46.38082668683679,-102.27994813467006
655,38.719920616646725,-87.72682679607995,13790.0,MISO-0004,38.771128521037106,-87.75
656,42.080003016185366,-92.06574268785319,26004.0,MISO-0035,41.98188990879209,-92.04270509831247
657,45.699067901855365,-93.9987646655027,41744.0,MISO-0001,45.677970341434055,-94.06192995984571
658,47.10810015533788,-94.91660876258925,22369.0,MISO-0001,47.14684971120547,-94.86637133496544
659,44.35576735049031,-83.63597701630752,25266.0,MISO-0027,44.28888450347109,-83.79270509831247
660,40.15753258128764,-85.0114448904223,24438.0,MISO-0006,40.18313861339805,-84.95729490168748
661,42.679878568064986,-89.60220331687654,37227.0,MISO-0027,42.748718820277944,-89.45729490168753
662,39.2607480606473,-89.92442622380779,43748.0,MISO-0004,39.20729490168751,-90.0
663,39.08874763522759,-87.41468310718211,20831.0,MISO-0006,39.181479111036296,-87.54270509831252
664,41.3351293007625,-92.64090963944912,21880.0,MISO-0035,41.42351344519201,-92.79270509831247
665,37.78509320507801,-89.3820770345001,52501.0,MISO-0004,37.706051180972054,-89.45729490168753
666,47.97224784120998,-94.93626485331652,47055.0,MISO-0001,47.89155687777432,-94.99536225050366
667,42.03641353317637,-93.93163354610955,26799.0,MISO-0035,42.13924271331293,-93.95729490168748
668,47.45712700504629,-98.88297872908021,3212.0,MISO-0001,47.45063186671431,-98.85511983138173
669,34.53876764081654,-93.659561620587,8579.0,MISO-8910,34.44269732670504,-93.75
670,42.862416267360025,-91.84435682048604,19047.0,MISO-0035,42.944607085034676,-91.70729490168753
671,42.38677474908759,-95.5134306143324,6777.0,MISO-0035,42.41306350292949,-95.45729490168753
672,43.38060279559113,-96.2102172769997,12354.0,MISO-0035,43.3318067306066,-96.20729490168753
673,37.45958470429991,-88.88094697870817,13363.0,MISO-0004,37.49613753099734,-89.04270509831247
674,44.37133090556551,-93.73011276240608,29453.0,MISO-0001,44.39590412376881,-93.75
675,41.33062242281959,-94.0155462871251,17270.0,MISO-0035,41.389442349530114,-93.95729490168748
676,42.73406976207729,-94.67874565728728,6819.0,MISO-0035,42.65351714796724,-94.70729490168753
677,41.03056447332463,-92.40946547279735,35210.0,MISO-0035,41.016602675481415,-92.45729490168753
678,44.02247506381847,-92.86204553578563,21376.0,MISO-0035,44.00868086630152,-92.79270509831247
679,43.67405888925167,-95.1540198873296,9857.0,MISO-0035,43.586996490296414,-95.25000000000006
680,46.4085856513216,-95.70802039217152,61041.0,MISO-0001,46.355731110166246,-95.74887269506542
681,43.97841537521073,-94.61407436641585,11459.0,MISO-0035,43.94597057056715,-94.70729490168753
682,41.33637418453062,-92.17863865180851,9797.0,MISO-0035,41.435369674814254,-92.25
683,48.7722198191048,-99.84090380975702,11688.0,MISO-0001,48.875427925426806,-99.80514700299346
684,43.08146205701354,-93.26081319785013,42372.0,MISO-0035,43.2478791006492,-93.20729490168753
685,43.3778991385324,-95.15088070615346,18077.0,MISO-0035,43.379745870032366,-95.25000000000006
686,41.33552120906339,-91.71785113656176,22667.0,MISO-0035,41.237388849452415,-91.70729490168753
687,39.43051983811856,-87.39002910441351,106512.0,MISO-0006,39.51682897858378,-87.54270509831252
688,43.37793119883842,-94.67842871415526,9107.0,MISO-0035,43.4033471745281,-94.70729490168753
689,46.12028799817801,-92.7418877984259,30472.0,MISO-0001,46.255485762484305,-92.92143565909237
690,44.946213585744154,-91.896390498779,46223.0,MISO-0001,44.98178954837641,-92.04270509831247
691,30.41591088083585,-89.48856729992981,46873.0,MISO-8910,30.541580171028606,-89.45729490168753
692,44.57960173710217,-94.23220964380397,15356.0,MISO-0035,44.71222845544072,-94.29270509831247
693,43.6741732434628,-95.75336573810554,22338.0,MISO-0035,43.560798441795946,-95.79270509831252
694,40.75317942520226,-91.94997338958771,7131.0,MISO-0035,40.68928936291252,-92.04270509831247
695,44.41600885347941,-88.46494607415124,195894.0,MISO-0027,44.447478096803195,-88.5
696,36.21127311515033,-89.7854652841897,14465.0,MISO-0035,36.207116166531634,-89.79270509831247
697,45.58601091710015,-96.00028928726181,9747.0,MISO-0001,45.59553706625513,-95.94529147179873
698,45.0692879282488,-91.27989122577422,67614.0,MISO-0001,44.99270789113022,-91.29270509831247
699,44.73431174255653,-90.61201237212504,35052.0,MISO-0001,44.7914199885197,-90.54270509831247
700,41.887673575290684,-84.59293956258354,45738.0,MISO-0027,41.870598372126395,-84.54270509831247
701,45.30175454489102,-85.12520135237602,26036.0,MISO-0027,45.44220095549412,-85.20309093095199
702,43.646732754991916,-84.38814429095906,83754.0,MISO-0027,43.57729539854707,-84.54270509831247
703,45.5022280440725,-92.90808098595467,59142.0,MISO-0001,45.507354057220724,-92.84603057875194
704,39.893105847958495,-94.40472151992947,9795.0,MISO-0035,39.87023701057816,-94.5
705,30.79001725392056,-89.11767623526578,19654.0,MISO-8910,30.746485908087735,-89.04270509831247
706,39.601723307968285,-94.4045847658426,21661.0,MISO-0035,39.66305738733118,-94.5
707,32.822573200430796,-92.99580289809803,13354.0,MISO-8910,32.756940562630064,-93.0
708,45.52067965613283,-84.89082075121522,33775.0,MISO-0027,45.42735071322861,-84.8613611183809
709,45.58920427068291,-98.35159140395807,37561.0,MISO-0001,45.65487208617558,-98.31229384859512
710,45.0340102778748,-92.45278148709353,98276.0,MISO-0001,44.973644876405956,-92.45729490168753
711,44.11319038894984,-89.242896020629,25223.0,MISO-0027,44.040252032684,-89.25
712,39.678426029820464,-87.74559652150573,16323.0,MISO-0004,39.728276508518015,-87.75
713,44.337286256583724,-85.09471511680583,15274.0,MISO-0027,44.34622125701696,-84.95729490168748
714,44.33486474433868,-84.12644612807367,21121.0,MISO-0027,44.31066566315605,-84.20729490168748
715,46.456139224109506,-97.65746413040664,5617.0,MISO-0001,46.445800575861774,-97.73553374756005
716,42.38971255736533,-96.04467174430731,106649.0,MISO-0035,42.385953757042714,-96.00000000000006
717,44.7892902576709,-88.76490116098415,41560.0,MISO-0027,44.78541318706119,-88.70729490168753
718,37.51845657317657,-87.68329050421764,12929.0,MISO-0006,37.47865999783252,-87.75
719,45.46113270094655,-92.44135607216992,45803.0,MISO-0001,45.51533784904084,-92.50423314669325
720,46.05300830828384,-89.51467268990338,23761.0,MISO-0001,45.95592168763405,-89.43885119243055
721,34.25127724637786,-90.28911646008386,5364.0,MISO-8910,34.29253054527582,-90.20729490168753
722,44.31915662177688,-90.80507394005463,20999.0,MISO-0001,44.24754640447403,-90.75
723,41.02899733775027,-93.78515874535326,9574.0,MISO-0035,40.981895928315225,-93.75
724,42.77643814874022,-94.2071611391191,9409.0,MISO-0035,42.877027868153235,-94.29270509831247
725,43.80026141071428,-89.04490940268013,19305.0,MISO-0027,43.70330019029536,-89.04270509831247
726,43.020724520489566,-88.7758833059226,86505.0,MISO-0027,42.950021388332594,-88.70729490168753
727,47.35609156101715,-102.61825797661709,4058.0,MISO-0001,47.29506661612526,-102.68555040463502
728,39.987751143621445,-91.18847607335954,64267.0,MISO-0004,39.950115631922166,-91.29270509831247
729,45.66685694165864,-88.77008283912521,9574.0,MISO-0027,45.74231856990483,-88.6730132015382
730,39.343798568447895,-91.17131490060227,17955.0,MISO-0035,39.20015154175927,-91.29270509831247
731,43.375526404969364,-90.42947847706174,17036.0,MISO-0001,43.29142223790413,-90.54270509831247
732,42.660470390514554,-90.131697986501,17478.0,MISO-0027,42.74981308050394,-90.20729490168753
733,43.2787365342901,-96.72168691248002,77145.0,MISO-0001,43.30104541102099,-96.75
734,45.00436659798559,-88.70996156106997,4199.0,MISO-0027,44.99270789113022,-88.70729490168753
735,47.921357320418764,-98.19213145579504,2963.0,MISO-0001,47.91832781834461,-98.14751710292927
736,46.33355781801325,-104.41712073553192,2959.0,MISO-0001,46.34545703489117,-104.33674024961823
737,40.739070424991205,-95.15018409743341,14856.0,MISO-0035,40.597473941863655,-95.04270509831252
738,45.862546203101374,-92.3680042742952,17223.0,MISO-0001,45.93368661760987,-92.32638790680721
739,44.45276071673234,-88.003699026753,275803.0,MISO-0027,44.439087827217236,-87.95729490168753
740,44.515927872626484,-87.61536062241902,20758.0,MISO-0027,44.43094473664106,-87.54270509831252
741,43.90646666358546,-91.11516513384284,121339.0,MISO-0001,44.03870854560808,-90.95729490168753
742,43.368343830723,-88.23075125435714,139238.0,MISO-0027,43.28000750844422,-88.29270509831247
743,45.5152772382722,-104.5360059829239,1383.0,MISO-0001,45.5843160711935,-104.41449542811927
744,37.73178690902181,-87.08730446096804,104898.0,MISO-0006,37.66927972997924,-87.0
745,41.59051379434939,-88.42879584490434,145470.0,MISO-0004,41.447551490030285,-88.5
746,37.2189707199588,-88.70758086123602,13502.0,MISO-0004,37.28567554079295,-88.70729490168753
747,44.726845008453715,-91.28597923761573,109033.0,MISO-0001,44.78541318706119,-91.29270509831247
748,45.67995001885357,-90.3614047048324,13988.0,MISO-0001,45.74980249012752,-90.21279411894471
749,32.01905651751035,-89.11884226179896,15785.0,MISO-8910,32.03910850630674,-89.04270509831247
750,38.82984783970332,-89.90506931408194,263110.0,MISO-0004,38.79270509831249,-90.0
751,45.47518769049437,-91.13327307349763,14146.0,MISO-0001,45.53855264351379,-90.97560034296492
752,41.77223081579277,-91.13243060421352,18359.0,MISO-0035,41.785458744707626,-91.29270509831247
753,44.02185385182073,-96.67088977525985,6632.0,MISO-0001,44.05082253145119,-96.75
754,43.72106565979623,-87.94538773532987,118047.0,MISO-0027,43.689103247501556,-87.95729490168753
755,44.06878498265823,-88.6446475275664,174218.0,MISO-0027,44.035417091318074,-88.70729490168753
756,41.68279273734755,-95.8167902967928,14623.0,MISO-0035,41.64700227933574,-95.79270509831252
757,38.47023256677986,-89.92824716266595,250708.0,MISO-0004,38.4572949016875,-90.0
758,30.229381660810372,-93.35792572057042,208466.0,MISO-8910,30.168257241372018,-93.20729490168753
759,40.78790555130154,-89.7600366054098,178553.0,MISO-0004,40.70710950525909,-89.79270509831247
760,42.73244742309403,-93.26247463973502,9868.0,MISO-0035,42.705233373328795,-93.20729490168753
761,44.67175189723304,-93.06540560662515,457710.0,MISO-0001,44.75341846934177,-93.0
762,33.17145024183372,-92.59711501472924,36926.0,MISO-8910,33.183145806992805,-92.45729490168753
763,45.93393473650447,-96.01215724203409,6085.0,MISO-0001,45.800622164451326,-95.98817396309676
764,40.15805873032546,-90.6149810719139,6657.0,MISO-0004,40.291437269509075,-90.54270509831247
765,39.64407904397909,-90.47463818128908,4866.0,MISO-0004,39.54144320759404,-90.54270509831247
766,30.72886640584483,-92.40595290780638,31980.0,MISO-8910,30.72684374846262,-92.45729490168753
767,37.73024540409188,-88.92992080478507,67225.0,MISO-0004,37.703425043157026,-89.04270509831247
768,45.77111497086089,-100.05157284018878,1377.0,MISO-0001,45.85668126138613,-99.9746657365531
769,38.29468325843653,-93.28792852621382,20536.0,MISO-0035,38.20634097903816,-93.20729490168753
770,41.03342008137091,-95.62130041660357,14793.0,MISO-0035,41.10464061626474,-95.79270509831252
771,48.71862993592517,-101.65715868914765,2331.0,MISO-0001,48.714078401961316,-101.53305137093179
772,43.64083995821441,-86.2675914874872,27177.0,MISO-0027,43.645957327836015,-86.25
773,43.334973899726144,-84.05326557637784,187688.0,MISO-0027,43.34287147210908,-84.0
774,32.601621849083166,-92.66483922867637,48360.0,MISO-8910,32.761713056282694,-92.79270509831247
775,34.22908433869654,-90.60274316550775,19849.0,MISO-8910,34.29150868708934,-90.54270509831247
776,44.946731374722766,-87.31468387468115,30616.0,MISO-0027,44.96595608724402,-87.20729490168753
777,37.30877435963642,-87.54089549044993,45127.0,MISO-0006,37.26730113364103,-87.54270509831252
778,43.67374772496668,-93.34882134592745,30440.0,MISO-0035,43.6624343845532,-93.20729490168753
779,38.292366810466575,-86.45168834364726,10509.0,MISO-0006,38.196728047953926,-86.45729490168753
780,45.27318285063165,-93.24641376013157,381605.0,MISO-0001,45.161734424281505,-93.23053796550056
781,43.64067362996928,-85.32459954746624,42320.0,MISO-0027,43.61060677376099,-85.29270509831247
782,39.48989143347319,-86.10160040475374,174262.0,MISO-0006,39.475572543249804,-86.04270509831252
783,40.12814499372876,-92.14805904857664,3728.0,MISO-0035,40.270909079999015,-92.25
784,39.805929247590214,-91.62241544701104,28525.0,MISO-0035,39.73749316900483,-91.70729490168753
785,29.900727395527262,-91.06255585753976,19720.0,MISO-8910,29.996537063318115,-90.95729490168753
786,34.31770747459867,-92.94592326821896,33451.0,MISO-8910,34.256138720295766,-93.0
787,37.3621046858347,-90.96890447041339,5992.0,MISO-0035,37.28885022106111,-90.95729490168753
788,43.02155484816048,-83.70678657047893,401093.0,MISO-0027,43.12458358390819,-83.79270509831247
789,45.48946763818157,-102.47571410939831,2853.0,MISO-0001,45.60175237852909,-102.53693318252124
790,39.19616054329216,-86.2273717498209,15777.0,MISO-0006,39.14715580209949,-86.25
791,43.03183561938128,-85.54928656887851,675232.0,MISO-0027,42.869081212292045,-85.5
792,43.99000957726467,-85.80163132340225,13182.0,MISO-0027,43.9622742334658,-85.70729490168753
793,43.945589066805674,-90.6177684179458,46572.0,MISO-0001,44.04142067307246,-90.54270509831247
794,37.52916622525764,-87.263515369231,9064.0,MISO-0006,37.46712116144291,-87.20729490168753
795,38.41105818744247,-91.07495166344277,108090.0,MISO-0035,38.45340000293826,-90.95729490168753
796,48.72091086209131,-104.504333380753,3436.0,MISO-0001,48.763936188103386,-104.70312162821432
797,41.33666545697795,-95.5422544517239,92996.0,MISO-0035,41.32817964517991,-95.45729490168753
798,41.64262070358086,-85.4264926071826,41305.0,MISO-0006,41.704825841754705,-85.5
799,41.64387087872825,-85.0008597062311,34799.0,MISO-0006,41.68232687566351,-84.95729490168748
800,43.464370740605595,-83.41700991966202,52680.0,MISO-0027,43.52032624956753,-83.45729490168748
801,32.347163668653344,-93.05599148222355,12269.0,MISO-8910,32.42172314598705,-93.0
802,31.563849850631417,-93.55442253234932,21834.0,MISO-8910,31.658311829500114,-93.54270509831247
803,45.579254500648844,-87.55680090617302,22941.0,MISO-0027,45.51533784904084,-87.49576685330675
804,37.65842412081154,-87.9453802522585,12839.0,MISO-0006,37.68967272274739,-87.95729490168753
805,36.041232025857695,-91.10705251676721,16273.0,MISO-8910,35.99619700255974,-90.95729490168753
806,46.892015509265875,-96.4905963127275,67734.0,MISO-0001,46.86176817061218,-96.44023261539382
807,48.066406973720156,-96.03665723075702,13686.0,MISO-0001,48.04556476147878,-96.10058695521622
808,38.26089687180321,-90.53767884110644,233132.0,MISO-0035,38.24875037151882,-90.54270509831247
809,38.08144380733935,-88.53910350986646,7859.0,MISO-0004,38.03317501655611,-88.5
810,43.00703797011047,-87.96674456946063,924216.0,MISO-0027,42.93913113489749,-87.95729490168753
811,42.9597061120024,-85.99613412242161,308459.0,MISO-0027,42.889089700244035,-86.04270509831252
