,OID_,plant_id_eia,plant_name_eia,capacity_mw,generator_operating_date,fuel_type_code_pudl,latitude,longitude,LRZ,ncol_idx,cesm_lat,cesm_lon,grid_num,profile_name
0,1006,2022,Willmar,2.0,8/1/2009 0:00,wind,45.121704,-95.05324,01,719806,45.0945854522846,264.92086431975724,31,MISO_01_wind_031
1,1007,2022,Willmar,2.0,8/1/2009 0:00,wind,45.121704,-95.05324,01,719806,45.0945854522846,264.92086431975724,31,MISO_01_wind_031
2,2701,55576,Agassiz Beach LLC,1.9,2/1/2001 0:00,wind,47.0053,-96.4356,01,720906,47.066529823602906,263.513263304024,13,MISO_01_wind_013
3,2779,56099,FPL Energy North Dakota Wind I/II,61.5,10/1/2003 0:00,wind,46.327168,-98.89835,01,725206,46.35537910939151,261.0312557502627,18,MISO_01_wind_018
4,2823,56209,Boeve Windfarm LLC,2.0,8/1/2003 0:00,wind,44.05187074,-96.0933,01,518153,44.09269845605872,263.99999999999994,41,MISO_01_wind_041
5,2859,56357,FPL Energy Burleigh County Wind,18.0,2/1/2006 0:00,wind,47.1167,-100.7333,01,726299,47.28957633480126,259.27216411641643,9,MISO_01_wind_009
6,2860,56357,FPL Energy Burleigh County Wind,31.5,12/1/2005 0:00,wind,47.1167,-100.7333,01,726299,47.28957633480126,259.27216411641643,9,MISO_01_wind_009
7,2870,56392,FPL Energy Oliver Wind I LLC,50.6,12/1/2006 0:00,wind,47.152847,-101.197716,01,727373,47.23184298667714,258.67767981334373,10,MISO_01_wind_010
8,2955,56573,FPL Energy Oliver Wind II LLC,48.0,12/1/2007 0:00,wind,47.152847,-101.197716,01,727373,47.23184298667714,258.67767981334373,10,MISO_01_wind_010
9,2976,56605,Langdon Wind  LLC,118.5,12/1/2007 0:00,wind,48.63,-98.315,01,723082,48.653784193227935,261.6376762507258,2,MISO_01_wind_002
10,2979,56630,Taconite Ridge 1 Wind Energy Center,25.0,5/1/2008 0:00,wind,47.5747,-92.5917,01,716599,47.42611991083963,267.32265020217665,7,MISO_01_wind_007
11,2985,56669,Tatanka Wind Power LLC,180.0,1/1/2008 0:00,wind,45.959324,-98.94633,01,725198,45.95049670960615,261.15823930279726,25,MISO_01_wind_025
12,2986,56670,Velva Windfarm LLC,11.9,12/1/2005 0:00,wind,48.083626,-100.9215,01,726308,48.0142475880601,258.99272739566686,4,MISO_01_wind_004
13,2995,56782,Diamond Willow Wind Facility,30.0,12/1/2007 0:00,wind,46.2753,-104.1836,01,731672,46.150423871582134,255.762686461107,23,MISO_01_wind_023
14,2998,56792,Buffalo Ridge I LLC,50.4,4/1/2009 0:00,wind,44.4328,-96.4779,01,519222,44.27015332632759,263.4572949016875,40,MISO_01_wind_040
15,3024,56912,Langdon Wind II LLC,40.5,9/1/2008 0:00,wind,48.6292,-98.3164,01,723082,48.653784193227935,261.6376762507258,2,MISO_01_wind_002
16,3026,56919,FPL Energy Ashtabula Wind LLC,148.5,12/1/2008 0:00,wind,47.1294,-97.8853,01,723064,47.18232670419662,262.0613096939455,11,MISO_01_wind_011
17,3043,57031,Luverne Wind Farm,49.5,9/1/2009 0:00,wind,47.3272,-97.8975,01,723064,47.18232670419662,262.0613096939455,11,MISO_01_wind_011
18,3044,57032,Ashtabula Wind Energy Center,48.0,10/1/2008 0:00,wind,47.1244,-97.8961,01,723064,47.18232670419662,262.0613096939455,11,MISO_01_wind_011
19,3045,57033,Langdon Wind Energy Center,40.5,12/1/2007 0:00,wind,48.6303,-98.3169,01,723082,48.653784193227935,261.6376762507258,2,MISO_01_wind_002
20,3052,57038,Bison I Wind Energy Center,36.8,12/1/2010 0:00,wind,46.98,-101.554726,01,728446,46.863463062450585,258.35768645650654,16,MISO_01_wind_016
21,3053,57038,Bison I Wind Energy Center,45.0,1/1/2012 0:00,wind,46.98,-101.554726,01,728446,46.863463062450585,258.35768645650654,16,MISO_01_wind_016
22,3055,57048,Merricourt Wind Project,150.0,12/1/2020 0:00,wind,46.1075,-99.0592,01,725199,46.15296347679598,261.0949785693008,22,MISO_01_wind_022
23,3061,57097,Rugby Wind Power Project,149.0,12/1/2009 0:00,wind,48.4968,-99.9513,01,725236,48.515917643328976,259.9254525199534,3,MISO_01_wind_003
24,3065,57120,Wilton Wind II LLC,49.5,11/1/2009 0:00,wind,47.1333,-100.7011,01,726299,47.28957633480126,259.27216411641643,9,MISO_01_wind_009
25,3066,57121,Ashtabula Wind II LLC,120.0,10/1/2009 0:00,wind,47.29244,-97.931694,01,723064,47.18232670419662,262.0613096939455,11,MISO_01_wind_011
26,3068,57171,Cedar Hills Wind Farm,19.5,6/1/2010 0:00,wind,46.245556,-103.76722,01,730598,46.22218383415676,256.3410318127334,21,MISO_01_wind_021
27,3084,57274,Grant County Wind LLC,21.0,8/1/2010 0:00,wind,45.8033,-95.8844,01,720892,45.800622164451326,264.01182603690324,26,MISO_01_wind_026
28,3089,57296,Carleton College,1.6,9/1/2004 0:00,wind,44.461906,-93.15639,01,519259,44.412395810839364,266.79270509831247,39,MISO_01_wind_039
29,3090,57296,Carleton College,1.6,10/1/2011 0:00,wind,44.461906,-93.15639,01,519259,44.412395810839364,266.79270509831247,39,MISO_01_wind_039
30,3092,57347,Baldwin Wind LLC,102.4,12/1/2010 0:00,wind,47.1133,-100.7086,01,726299,47.28957633480126,259.27216411641643,9,MISO_01_wind_009
31,3097,57375,Adams Wind Generations LLC,20.0,3/1/2011 0:00,wind,44.916943,-94.73556,01,519247,44.90320597638073,265.29270509831247,35,MISO_01_wind_035
32,3100,57387,Ashtabula Wind III LLC,62.4,12/1/2010 0:00,wind,47.1242,-97.8956,01,723064,47.18232670419662,262.0613096939455,11,MISO_01_wind_011
33,3101,57396,Danielson Wind Farms LLC,20.0,3/1/2011 0:00,wind,45.071667,-94.75222,01,719803,45.10909606984841,265.25867477622705,30,MISO_01_wind_030
34,3112,57424,Buffalo Ridge II LLC,210.0,12/1/2010 0:00,wind,44.5281,-96.6267,01,519225,44.6055276796182,263.4572949016875,38,MISO_01_wind_038
35,3128,57547,Winona County Wind LLC,1.5,10/1/2011 0:00,wind,44.1125,-91.92472,01,518202,44.02450500609941,267.95729490168753,42,MISO_01_wind_042
36,3157,57732,UMM Wind Turbine,1.7,6/1/2011 0:00,wind,45.5897,-95.87703,01,720885,45.59553706625513,264.0547085282013,28,MISO_01_wind_028
37,3159,57800,Bison 2 Wind Energy Center,105.0,12/1/2012 0:00,wind,46.98,-101.554726,01,728446,46.863463062450585,258.35768645650654,16,MISO_01_wind_016
38,3160,57801,Bison 3 Wind Energy Center,105.0,12/1/2012 0:00,wind,46.98,-101.554726,01,728446,46.863463062450585,258.35768645650654,16,MISO_01_wind_016
39,3161,57813,GL Wind,2.5,12/1/2011 0:00,wind,43.99167,-91.87778,01,518202,44.02450500609941,267.95729490168753,42,MISO_01_wind_042
40,3162,57813,GL Wind,2.5,12/1/2011 0:00,wind,43.99167,-91.87778,01,518202,44.02450500609941,267.95729490168753,42,MISO_01_wind_042
41,3163,57823,WCROC Wind Farm,1.7,3/1/2005 0:00,wind,45.58972,-95.876945,01,720885,45.59553706625513,264.0547085282013,28,MISO_01_wind_028
42,3176,57880,Eolos Wind Energy Research Field Station,2.5,10/1/2011 0:00,wind,44.728333,-93.04806,01,519263,44.75341846934175,267.0,37,MISO_01_wind_037
43,3192,57968,Cashton Greens Wind Farm,5.0,5/1/2012 0:00,wind,43.73389,-90.805,01,518210,43.704842965474825,269.25,43,MISO_01_wind_043
44,3287,58658,Courtenay Wind Farm,200.0,12/1/2016 0:00,wind,47.17972,-98.59472,01,724141,47.122746461941134,261.24677161097566,12,MISO_01_wind_012
45,3291,58692,Black Oak Wind Farm,78.0,12/1/2016 0:00,wind,45.66083,-95.01278,01,719808,45.632987819349566,264.8242356908459,27,MISO_01_wind_027
46,3307,58836,Lakeswind Power Partners,51.8,3/1/2014 0:00,wind,46.718056,-96.211945,01,720902,46.87406849400109,263.78203649937336,15,MISO_01_wind_015
47,3308,58872,Bison 4 Wind Energy Center,205.0,1/1/2015 0:00,wind,46.98,-101.554726,01,728446,46.863463062450585,258.35768645650654,16,MISO_01_wind_016
48,3333,58965,"Thunder Spirit Wind, LLC",48.0,10/1/2018 0:00,wind,46.075,-102.56333,01,729517,46.02137719019412,257.504822105299,24,MISO_01_wind_024
49,3334,58965,"Thunder Spirit Wind, LLC",107.5,12/1/2015 0:00,wind,46.075,-102.56333,01,729517,46.02137719019412,257.504822105299,24,MISO_01_wind_024
50,3335,58995,St. Olaf Wind Turbine,1.6,9/1/2006 0:00,wind,44.462223,-93.19278,01,519259,44.412395810839364,266.79270509831247,39,MISO_01_wind_039
51,3351,59200,Border Winds Wind Farm,150.0,8/1/2015 0:00,wind,48.96472,-99.61389,01,724163,48.89565043204244,260.4340217158264,1,MISO_01_wind_001
52,3426,59903,New Frontier Wind,100.0,12/1/2018 0:00,wind,47.86153,-100.94766,01,726308,48.0142475880601,258.99272739566686,4,MISO_01_wind_004
53,3443,60066,"Garrison Butte Wind, LLC",150.0,,wind,47.453217,-101.648705,01,727377,47.40825580918601,258.3687015306088,8,MISO_01_wind_008
54,3475,60503,Crowned Ridge Wind Energy Center,200.1,12/1/2019 0:00,wind,45.154945,-96.83684,01,721963,45.00514687555916,263.20143692037425,32,MISO_01_wind_032
55,3477,60505,Crocker Wind Farm,200.0,11/1/2019 0:00,wind,45.051544,-97.82642,01,724111,44.94356435012384,262.2374127057686,34,MISO_01_wind_034
56,3584,60905,"Oliver Wind III, LLC",99.3,1/1/2017 0:00,wind,46.9571,-101.1681,01,727372,46.90870232851625,258.80666088546474,14,MISO_01_wind_014
57,3648,61046,Tatanka Ridge,154.0,1/1/2021 0:00,wind,44.592,-96.576,01,519225,44.6055276796182,263.4572949016875,38,MISO_01_wind_038
58,3880,61747,"Foxtail Wind, LLC",150.0,1/1/2020 0:00,wind,46.09821,-98.88007,01,725199,46.15296347679598,261.0949785693008,22,MISO_01_wind_022
59,4017,62380,"Emmons-Logan Wind, LLC",200.0,12/1/2019 0:00,wind,46.373013,-100.05111,01,726286,46.258933313632944,259.8827168122075,20,MISO_01_wind_020
60,4028,62442,"Lake Region Community Hybrid, LLC",2.0,12/1/2018 0:00,wind,46.50505,-96.15728,01,720901,46.54242690134754,263.8540085240896,17,MISO_01_wind_017
61,4106,62938,Glen Ullin Energy Center,106.7,12/1/2019 0:00,wind,46.964077,-101.8165,01,728446,46.863463062450585,258.35768645650654,16,MISO_01_wind_016
62,4107,62943,Deuel Harvest Wind Energy LLC,300.0,2/1/2021 0:00,wind,44.863583,-96.53463,01,519228,44.812813256069845,263.4572949016875,36,MISO_01_wind_036
63,4206,63269,Crowned Ridge Wind II Energy Center,200.6,12/1/2020 0:00,wind,45.0054,-96.92995,01,723034,44.992510238179,262.99267992713027,33,MISO_01_wind_033
64,4301,63689,Red Lake Falls Community Hybrid,4.6,12/1/2020 0:00,wind,47.9,-96.31896,01,720912,47.82024355476873,263.5716489361648,5,MISO_01_wind_005
65,4405,64342,"Badger Wind, LLC",250.0,1/1/2026 0:00,wind,46.21691,-99.59834,01,725212,46.308627267659105,260.45688015882155,19,MISO_01_wind_019
66,4539,65282,Red Barn Energy,91.6,4/1/2023 0:00,wind,42.951447,-90.4407,01,517140,42.9560130256959,269.45729490168753,44,MISO_01_wind_044
67,4619,65944,"Discovery Wind, LLC",400.0,,wind,47.44756,-101.107,01,727371,47.46799286993088,258.9670308621419,6,MISO_01_wind_006
68,4824,67379,Whitetail Wind Farm,67.2,,wind,42.951447,-90.4407,01,517140,42.9560130256959,269.45729490168753,44,MISO_01_wind_044
69,5004,68318,Dakota Range Wind,304.0,1/1/2022 0:00,wind,45.22365,-97.02314,01,723035,45.322893840941155,262.91098320599593,29,MISO_01_wind_029
70,1670,7886,Wind Turbine,11.0,6/1/1999 0:00,wind,44.6694,-87.6333,02,519333,44.766350752397905,272.4572949016875,1,MISO_02_wind_001
71,2730,55742,Montfort Wind Energy Center,30.0,6/1/2002 0:00,wind,42.9625,-90.386665,02,517140,42.9560130256959,269.45729490168753,9,MISO_02_wind_009
72,2857,56347,Cedar Ridge,67.7,12/1/2008 0:00,wind,43.692646,-88.32974,02,518244,43.69458763685585,271.7072949016875,6,MISO_02_wind_006
73,2869,56391,Blue Sky Green Field Wind Project,145.2,5/1/2008 0:00,wind,43.8794,-88.2708,02,518247,44.02999195358686,271.7072949016875,4,MISO_02_wind_004
74,2982,56647,Butler Ridge,54.0,2/1/2009 0:00,wind,43.400276,-88.48111,02,517166,43.49019494546515,271.5,8,MISO_02_wind_008
75,3030,56942,Forward Wind Energy Center,99.0,7/1/2008 0:00,wind,43.6161,-88.4969,02,518237,43.6974863734507,271.5,5,MISO_02_wind_005
76,3031,56942,Forward Wind Energy Center,30.0,5/1/2009 0:00,wind,43.6161,-88.4969,02,518237,43.6974863734507,271.5,5,MISO_02_wind_005
77,3063,57116,Quilt Block Wind Farm LLC,98.0,9/1/2017 0:00,wind,42.673332,-90.265274,02,516070,42.74981308050394,269.79270509831247,11,MISO_02_wind_011
78,3077,57199,Glacier Hills,162.0,12/1/2011 0:00,wind,43.56389,-89.148056,02,517157,43.497548929866646,270.75,7,MISO_02_wind_007
79,3129,57553,Shirley Wind,20.0,11/1/2010 0:00,wind,44.3481,-87.9278,02,519322,44.439087827217236,272.04270509831247,2,MISO_02_wind_002
80,3385,59448,Waxdale,1.5,12/1/2012 0:00,wind,42.709442,-87.88528,02,516097,42.73184613781748,272.04270509831247,12,MISO_02_wind_012
81,3386,59448,Waxdale,1.5,12/1/2012 0:00,wind,42.709442,-87.88528,02,516097,42.73184613781748,272.04270509831247,12,MISO_02_wind_012
82,3513,60674,Tisch Mills Wind,150.0,,wind,44.240852,-87.57328,02,518259,44.22365422487594,272.4572949016875,3,MISO_02_wind_003
83,3977,62161,Galactic Wind,9.9,12/1/2012 0:00,wind,43.101604,-89.331856,02,517151,42.954846706643465,270.75,10,MISO_02_wind_010
84,369,1172,Osage (IA),1.6,12/1/2009 0:00,wind,43.27972,-92.810555,03,517116,43.258722826531226,267.20729490168753,44,MISO_03_wind_044
85,946,1998,Mountain Lake,1.2,7/1/2007 0:00,wind,43.9405,-94.9434,03,518166,43.93167665320351,264.9572949016875,15,MISO_03_wind_015
86,1014,2024,Worthington,0.9,7/1/2002 0:00,wind,43.63349,-95.60923,03,518155,43.57729539854707,264.54270509831247,27,MISO_03_wind_027
87,1015,2024,Worthington,0.9,7/1/2002 0:00,wind,43.63349,-95.60923,03,518155,43.57729539854707,264.54270509831247,27,MISO_03_wind_027
88,1016,2024,Worthington,1.0,12/1/2003 0:00,wind,43.63349,-95.60923,03,518155,43.57729539854707,264.54270509831247,27,MISO_03_wind_027
89,1017,2024,Worthington,1.0,12/1/2003 0:00,wind,43.63349,-95.60923,03,518155,43.57729539854707,264.54270509831247,27,MISO_03_wind_027
90,1024,2024,Worthington,0.9,7/1/2002 0:00,wind,43.63349,-95.60923,03,518155,43.57729539854707,264.54270509831247,27,MISO_03_wind_027
91,1025,2024,Worthington,0.9,7/1/2002 0:00,wind,43.63349,-95.60923,03,518155,43.57729539854707,264.54270509831247,27,MISO_03_wind_027
92,2356,54793,Storm Lake 1,0.7,6/1/1999 0:00,wind,42.6878,-95.405,03,516007,42.62027901247139,264.54270509831247,66,MISO_03_wind_066
93,2357,54793,Storm Lake 1,0.7,6/1/1999 0:00,wind,42.6878,-95.405,03,516007,42.62027901247139,264.54270509831247,66,MISO_03_wind_066
94,2358,54793,Storm Lake 1,112.5,5/1/1999 0:00,wind,42.6878,-95.405,03,516007,42.62027901247139,264.54270509831247,66,MISO_03_wind_066
95,2521,55208,Lake Benton I,107.2,2/1/1998 0:00,wind,44.2917,-96.375,03,519223,44.28888450347109,263.79270509831247,4,MISO_03_wind_004
96,2569,55265,Lake Benton II,100.2,6/1/1999 0:00,wind,44.129368,-96.116974,03,518152,44.0816206793393,263.79270509831247,9,MISO_03_wind_009
97,2579,55287,Storm Lake II,80.2,4/1/1999 0:00,wind,42.8417,-95.405,03,517078,42.82750131033157,264.54270509831247,58,MISO_03_wind_058
98,2587,55342,Woodstock Windfarm,9.2,5/1/1999 0:00,wind,43.985832,-96.07861,03,518150,43.88544060138924,263.99999999999994,17,MISO_03_wind_017
99,2588,55353,Lakota Ridge LLC,11.2,4/1/1999 0:00,wind,44.39956,-96.42837,03,519222,44.27015332632759,263.4572949016875,5,MISO_03_wind_005
100,2589,55354,Shaokatan Hills LLC,11.8,8/1/1999 0:00,wind,44.42171,-96.43469,03,519222,44.27015332632759,263.4572949016875,5,MISO_03_wind_005
101,2687,55561,Tsar Nicholas LLC,1.9,2/1/2001 0:00,wind,44.42,-96.4347,03,519222,44.27015332632759,263.4572949016875,5,MISO_03_wind_005
102,2688,55562,Sun River LLC,1.9,2/1/2001 0:00,wind,44.4289,-96.4358,03,519222,44.27015332632759,263.4572949016875,5,MISO_03_wind_005
103,2689,55563,Julia Hills LLC,1.9,2/1/2001 0:00,wind,44.4231,-96.4458,03,519222,44.27015332632759,263.4572949016875,5,MISO_03_wind_005
104,2690,55564,Jessica Mills LLC,1.9,2/1/2001 0:00,wind,44.4278,-96.43,03,519222,44.27015332632759,263.4572949016875,5,MISO_03_wind_005
105,2691,55565,Jack River LLC,1.9,2/1/2001 0:00,wind,44.4233,-96.4411,03,519222,44.27015332632759,263.4572949016875,5,MISO_03_wind_005
106,2692,55566,Autumn Hills LLC,1.9,2/1/2001 0:00,wind,44.4131,-96.4325,03,519222,44.27015332632759,263.4572949016875,5,MISO_03_wind_005
107,2693,55567,Winters Spawn LLC,1.9,1/1/2001 0:00,wind,44.2081,-96.1989,03,519223,44.28888450347109,263.79270509831247,4,MISO_03_wind_004
108,2694,55568,Twin Lake Hills LLC,1.9,12/1/2000 0:00,wind,44.2258,-96.2789,03,519223,44.28888450347109,263.79270509831247,4,MISO_03_wind_004
109,2695,55569,Spartan Hills LLC,1.9,1/1/2001 0:00,wind,44.2358,-96.2383,03,519223,44.28888450347109,263.79270509831247,4,MISO_03_wind_004
110,2696,55570,Soliloquoy Ridge LLC,1.9,1/1/2001 0:00,wind,44.2364,-96.2331,03,519223,44.28888450347109,263.79270509831247,4,MISO_03_wind_004
111,2697,55571,Ruthton Ridge LLC,1.9,1/1/2001 0:00,wind,44.2128,-96.2131,03,519223,44.28888450347109,263.79270509831247,4,MISO_03_wind_004
112,2698,55572,Hope Creek LLC,1.9,1/1/2001 0:00,wind,44.2275,-96.2192,03,519223,44.28888450347109,263.79270509831247,4,MISO_03_wind_004
113,2699,55573,Hadley Ridge LLC,1.9,12/1/2000 0:00,wind,44.2253,-96.235,03,519223,44.28888450347109,263.79270509831247,4,MISO_03_wind_004
114,2700,55574,Florence Hills LLC,1.9,1/1/2001 0:00,wind,44.2297,-96.225,03,519223,44.28888450347109,263.79270509831247,4,MISO_03_wind_004
115,2731,55782,Wilmont Hills LLC,1.5,12/1/2001 0:00,wind,43.754738,-95.85345,03,518157,43.89613684401226,264.2072949016875,16,MISO_03_wind_016
116,2734,55804,Top of Iowa Windfarm,80.0,10/1/2001 0:00,wind,43.3833,-93.4167,03,517110,43.44527992170713,266.45729490168753,36,MISO_03_wind_036
117,2735,55809,Kas Brothers Windfarm,1.5,12/1/2001 0:00,wind,44.0119,-96.1125,03,518152,44.0816206793393,263.79270509831247,9,MISO_03_wind_009
118,2736,55816,Hawkeye Power Partners LLC,42.0,4/1/1999 0:00,wind,43.047222,-93.4775,03,517104,42.90263995366938,266.45729490168753,55,MISO_03_wind_055
119,2757,56002,Minwind,3.8,10/1/2002 0:00,wind,43.5564,-96.30361,03,518146,43.539038679444396,263.79270509831247,29,MISO_03_wind_029
120,2758,56010,Hancock County Wind Energy Center,98.0,12/1/2002 0:00,wind,43.052757,-93.62996,03,517104,42.90263995366938,266.45729490168753,55,MISO_03_wind_055
121,2767,56054,G McNeilus Wind Farm Dodge Center,32.0,9/1/2002 0:00,wind,43.978485,-92.851074,03,518193,44.00868086630152,267.20729490168753,11,MISO_03_wind_011
122,2768,56054,G McNeilus Wind Farm Dodge Center,8.0,5/1/2003 0:00,wind,43.978485,-92.851074,03,518193,44.00868086630152,267.20729490168753,11,MISO_03_wind_011
123,2769,56054,G McNeilus Wind Farm Dodge Center,3.0,5/1/2004 0:00,wind,43.978485,-92.851074,03,518193,44.00868086630152,267.20729490168753,11,MISO_03_wind_011
124,2808,56172,Flying Cloud Power Partners LLC,43.5,12/1/2003 0:00,wind,43.3897,-95.2997,03,517085,43.379745870032366,264.74999999999994,39,MISO_03_wind_039
125,2809,56174,Moraine Wind LLC,51.0,12/1/2003 0:00,wind,44.0667,-96.0667,03,518153,44.09269845605872,263.99999999999994,8,MISO_03_wind_008
126,2813,56199,TG Windfarm LLC,2.0,11/1/2003 0:00,wind,43.9897,-96.2236,03,518152,44.0816206793393,263.79270509831247,9,MISO_03_wind_009
127,2814,56200,CG Windfarm LLC,2.0,12/1/2003 0:00,wind,43.9931,-96.2186,03,518152,44.0816206793393,263.79270509831247,9,MISO_03_wind_009
128,2815,56201,Bisson Windfarm LLC,2.0,10/1/2003 0:00,wind,43.984444,-96.219444,03,518152,44.0816206793393,263.79270509831247,9,MISO_03_wind_009
129,2816,56202,Tofteland Windfarm LLC,2.0,10/1/2003 0:00,wind,43.980278,-96.223335,03,518152,44.0816206793393,263.79270509831247,9,MISO_03_wind_009
130,2817,56203,Westridge Windfarm LLC,2.0,11/1/2003 0:00,wind,43.98861,-96.21555,03,518152,44.0816206793393,263.79270509831247,9,MISO_03_wind_009
131,2818,56204,Fey Windfarm LLC,2.0,9/1/2003 0:00,wind,44.0364,-96.0736,03,518153,44.09269845605872,263.99999999999994,8,MISO_03_wind_008
132,2819,56205,Windcurrent Farms LLC,2.0,9/1/2003 0:00,wind,44.0236,-96.0789,03,518153,44.09269845605872,263.99999999999994,8,MISO_03_wind_008
133,2820,56206,K-Brink Windfarm LLC,2.0,2/1/2003 0:00,wind,44.0197,-96.1183,03,518152,44.0816206793393,263.79270509831247,9,MISO_03_wind_009
134,2821,56207,DL Windy Acres LLC,2.0,12/1/2003 0:00,wind,43.65139,-95.368614,03,518155,43.57729539854707,264.54270509831247,27,MISO_03_wind_027
135,2822,56208,S&P Windfarm LLC,2.0,12/1/2003 0:00,wind,43.65139,-95.3825,03,518155,43.57729539854707,264.54270509831247,27,MISO_03_wind_027
136,2824,56210,B&K Energy Systems LLC,2.0,12/1/2003 0:00,wind,43.65139,-95.3755,03,518155,43.57729539854707,264.54270509831247,27,MISO_03_wind_027
137,2825,56215,Allendorf,1.2,10/1/1998 0:00,wind,43.4,-95.6333,03,517083,43.35355794929096,264.2072949016875,41,MISO_03_wind_041
138,2826,56215,Allendorf,2.0,8/1/2020 0:00,wind,43.4,-95.6333,03,517083,43.35355794929096,264.2072949016875,41,MISO_03_wind_041
139,2827,56215,Allendorf,0.6,10/1/1998 0:00,wind,43.4,-95.6333,03,517083,43.35355794929096,264.2072949016875,41,MISO_03_wind_041
140,2828,56215,Allendorf,2.0,5/1/2003 0:00,wind,43.4,-95.6333,03,517083,43.35355794929096,264.2072949016875,41,MISO_03_wind_041
141,2836,56251,Intrepid,160.5,12/1/2004 0:00,wind,42.5539,-95.3283,03,516008,42.62995864189289,264.74999999999994,65,MISO_03_wind_065
142,2837,56251,Intrepid,15.0,12/1/2005 0:00,wind,42.5539,-95.3283,03,516008,42.62995864189289,264.74999999999994,65,MISO_03_wind_065
143,2838,56252,Century,150.0,9/1/2005 0:00,wind,42.5644,-93.6369,03,516030,42.48811311916921,266.45729490168753,71,MISO_03_wind_071
144,2839,56252,Century,35.0,12/1/2007 0:00,wind,42.5644,-93.6369,03,516030,42.48811311916921,266.45729490168753,71,MISO_03_wind_071
145,2840,56252,Century,16.2,12/1/2007 0:00,wind,42.5644,-93.6369,03,516030,42.48811311916921,266.45729490168753,71,MISO_03_wind_071
146,2848,56296,Trimont Area Wind Farm,100.5,11/1/2005 0:00,wind,43.7938,-94.8499,03,518167,43.94597057056714,265.29270509831247,14,MISO_03_wind_014
147,2849,56307,Adams Wind Farm,13.5,9/1/2003 0:00,wind,43.55478,-92.72414,03,517119,43.466003800408366,267.20729490168753,33,MISO_03_wind_033
148,2850,56307,Adams Wind Farm,9.8,7/1/2004 0:00,wind,43.55478,-92.72414,03,517119,43.466003800408366,267.20729490168753,33,MISO_03_wind_033
149,2858,56355,Whispering Willow Wind Farm - East,199.7,12/1/2009 0:00,wind,42.630512,-93.20639,03,516034,42.705233373328795,266.79270509831247,62,MISO_03_wind_062
150,2866,56379,Victory Wind Farm,105.0,12/1/2006 0:00,wind,42.1169,-95.1292,03,516009,42.09674557242648,264.9572949016875,83,MISO_03_wind_083
151,2867,56383,Northern Iowa Windpower II,80.0,1/1/2008 0:00,wind,43.3608,-93.2978,03,517111,43.45515556874623,266.79270509831247,35,MISO_03_wind_035
152,2868,56386,Top of Iowa Windfarm III,29.7,2/1/2008 0:00,wind,43.3597,-93.3208,03,517111,43.45515556874623,266.79270509831247,35,MISO_03_wind_035
153,2872,56409,Stahl Wind Energy,1.7,12/1/2004 0:00,wind,44.0256,-96.4303,03,518151,44.06289340127448,263.4572949016875,10,MISO_03_wind_010
154,2873,56410,Carstensen Wind,1.7,12/1/2004 0:00,wind,44.0247,-96.4369,03,518151,44.06289340127448,263.4572949016875,10,MISO_03_wind_010
155,2874,56411,Northern Lights Wind LLC,1.7,12/1/2004 0:00,wind,44.015,-96.4367,03,518151,44.06289340127448,263.4572949016875,10,MISO_03_wind_010
156,2875,56412,Lucky Wind,1.7,12/1/2004 0:00,wind,44.0211,-96.4406,03,518151,44.06289340127448,263.4572949016875,10,MISO_03_wind_010
157,2876,56413,Greenback Energy,1.7,12/1/2004 0:00,wind,44.0208,-96.4331,03,518151,44.06289340127448,263.4572949016875,10,MISO_03_wind_010
158,2877,56414,Redwood Falls Wind,1.7,12/1/2004 0:00,wind,44.502777,-95.175,03,519233,44.336888898500455,264.74999999999994,2,MISO_03_wind_002
159,2878,56414,Redwood Falls Wind,1.7,1/1/2005 0:00,wind,44.502777,-95.175,03,519233,44.336888898500455,264.74999999999994,2,MISO_03_wind_002
160,2879,56415,Fairmont Wind,1.0,3/1/2003 0:00,wind,43.575,-94.44667,03,518165,43.618942944996945,265.5,24,MISO_03_wind_024
161,2880,56415,Fairmont Wind,1.0,3/1/2003 0:00,wind,43.575,-94.44667,03,518165,43.618942944996945,265.5,24,MISO_03_wind_024
162,2881,56415,Fairmont Wind,1.7,12/1/2004 0:00,wind,43.575,-94.44667,03,518165,43.618942944996945,265.5,24,MISO_03_wind_024
163,2882,56415,Fairmont Wind,1.7,1/1/2005 0:00,wind,43.575,-94.44667,03,518165,43.618942944996945,265.5,24,MISO_03_wind_024
164,2884,56424,Mower County Wind Energy Center,98.9,12/1/2006 0:00,wind,43.61407,-92.59882,03,518191,43.68096715154975,267.54270509831247,19,MISO_03_wind_019
165,2889,56459,MinnDakota Wind LLC,150.0,1/1/2008 0:00,wind,44.2667,-96.3444,03,519223,44.28888450347109,263.79270509831247,4,MISO_03_wind_004
166,2907,56494,Prairie Star Wind Farm,100.7,12/1/2007 0:00,wind,43.6861,-92.6272,03,518190,43.673286554119585,267.20729490168753,20,MISO_03_wind_020
167,2908,56501,Pomeroy Wind Farm,123.0,12/1/2007 0:00,wind,42.5842,-94.7467,03,516016,42.65351714796724,265.29270509831247,64,MISO_03_wind_064
168,2909,56501,Pomeroy Wind Farm,75.0,12/1/2007 0:00,wind,42.5842,-94.7467,03,516016,42.65351714796724,265.29270509831247,64,MISO_03_wind_064
169,2910,56501,Pomeroy Wind Farm,58.5,12/1/2008 0:00,wind,42.5842,-94.7467,03,516016,42.65351714796724,265.29270509831247,64,MISO_03_wind_064
170,2911,56501,Pomeroy Wind Farm,29.9,8/1/2011 0:00,wind,42.5842,-94.7467,03,516016,42.65351714796724,265.29270509831247,64,MISO_03_wind_064
171,2953,56543,Eastridge Wind Project,10.4,4/1/2006 0:00,wind,43.9358,-95.9222,03,518150,43.88544060138924,263.99999999999994,17,MISO_03_wind_017
172,2954,56544,Windom Wind Project,15.6,3/1/2006 0:00,wind,43.9578,-95.1306,03,518166,43.93167665320351,264.9572949016875,15,MISO_03_wind_015
173,2956,56577,Shane's Wind Machine,1.3,7/1/2006 0:00,wind,44.1508,-96.1361,03,518152,44.0816206793393,263.79270509831247,9,MISO_03_wind_009
174,2957,56580,Blue Breezes LLC,1.3,5/1/2006 0:00,wind,43.6558,-94.1536,03,518172,43.62690234867634,265.70729490168753,23,MISO_03_wind_023
175,2958,56581,Blue Breezes II LLC,1.3,5/1/2006 0:00,wind,43.6558,-94.1564,03,518172,43.62690234867634,265.70729490168753,23,MISO_03_wind_023
176,2959,56586,Sunset Breeze LLC,1.3,5/1/2006 0:00,wind,43.5811,-95.78,03,518154,43.56079844179593,264.2072949016875,28,MISO_03_wind_028
177,2960,56587,Minnesota Breeze LLC,1.3,5/1/2006 0:00,wind,43.5833,-95.7781,03,518154,43.56079844179593,264.2072949016875,28,MISO_03_wind_028
178,2961,56588,G Flow Wind LLC,1.3,5/1/2006 0:00,wind,43.58611,-95.77611,03,518154,43.56079844179593,264.2072949016875,28,MISO_03_wind_028
179,2962,56589,Wolf Wind Enterprises LLC,1.3,5/1/2006 0:00,wind,43.581112,-95.77583,03,518154,43.56079844179593,264.2072949016875,28,MISO_03_wind_028
180,2963,56590,Green Acres Breeze LLC,1.3,5/1/2006 0:00,wind,43.58611,-95.78028,03,518154,43.56079844179593,264.2072949016875,28,MISO_03_wind_028
181,2977,56617,Fenton Wind Farm,205.5,9/1/2007 0:00,wind,43.85278,-96.01833,03,518150,43.88544060138924,263.99999999999994,17,MISO_03_wind_017
182,2978,56626,K&D Energy LLC,22.5,1/1/2008 0:00,wind,43.6181,-95.4172,03,518155,43.57729539854707,264.54270509831247,27,MISO_03_wind_027
183,2987,56677,Charles City Wind Farm,80.0,4/1/2008 0:00,wind,43.0003,-92.62,03,517114,42.93100760905028,267.54270509831247,54,MISO_03_wind_054
184,2989,56750,Jeffers Wind 20 LLC,50.0,10/1/2008 0:00,wind,44.057777,-95.2525,03,518162,44.129615486190346,264.74999999999994,6,MISO_03_wind_006
185,2990,56755,Odin Wind Farm LLC,20.0,5/1/2008 0:00,wind,43.8953,-94.9142,03,518166,43.93167665320351,264.9572949016875,15,MISO_03_wind_015
186,2991,56764,Winnebago Wind Power Project,20.0,9/1/2008 0:00,wind,43.315,-93.77,03,517100,43.231414977737614,266.25,47,MISO_03_wind_047
187,2992,56765,Barton Windpower LLC,80.0,6/1/2009 0:00,wind,43.393,-93.091,03,517112,43.46076739812436,267.0,34,MISO_03_wind_034
188,2993,56765,Barton Windpower LLC,78.0,6/1/2009 0:00,wind,43.393,-93.091,03,517112,43.46076739812436,267.0,34,MISO_03_wind_034
189,2999,56793,Elm Creek Wind LLC,99.0,12/1/2008 0:00,wind,43.7542,-94.9497,03,518163,43.596320036671834,264.9572949016875,25,MISO_03_wind_025
190,3000,56794,Moraine II Wind LLC,49.5,2/1/2009 0:00,wind,44.1238,-96.0784,03,518153,44.09269845605872,263.99999999999994,8,MISO_03_wind_008
191,3001,56797,Pioneer Prairie Wind Farm,300.0,10/1/2008 0:00,wind,43.4839,-92.6131,03,517120,43.47368162876195,267.54270509831247,32,MISO_03_wind_032
192,3002,56809,Carroll Wind Farm,159.1,12/1/2008 0:00,wind,42.1622,-94.93,03,516009,42.09674557242648,264.9572949016875,83,MISO_03_wind_083
193,3003,56810,Adair Wind Farm,174.8,12/1/2008 0:00,wind,41.4236,-94.665,03,514933,41.36126006783198,265.29270509831247,101,MISO_03_wind_101
194,3004,56811,Walnut Wind Farm,165.2,12/1/2008 0:00,wind,41.4517,-95.2383,03,514925,41.33781316710164,264.74999999999994,102,MISO_03_wind_102
195,3005,56824,Marshall Wind 2 LLC,4.2,12/1/2007 0:00,wind,44.3236,-95.8222,03,519231,44.31066566315605,264.2072949016875,3,MISO_03_wind_003
196,3006,56825,Marshall Wind 3 LLC,4.2,12/1/2007 0:00,wind,44.3211,-95.7942,03,519231,44.31066566315605,264.2072949016875,3,MISO_03_wind_003
197,3007,56826,Marshall Wind 4 LLC,4.2,12/1/2007 0:00,wind,44.3361,-95.8242,03,519231,44.31066566315605,264.2072949016875,3,MISO_03_wind_003
198,3008,56827,Marshall Wind 5 LLC,2.1,12/1/2007 0:00,wind,44.3303,-95.8344,03,519231,44.31066566315605,264.2072949016875,3,MISO_03_wind_003
199,3009,56828,Marshall Wind 6 LLC,2.1,12/1/2007 0:00,wind,44.3308,-95.8297,03,519231,44.31066566315605,264.2072949016875,3,MISO_03_wind_003
200,3010,56831,Crane Creek Wind Energy Center,99.0,12/1/2009 0:00,wind,43.397778,-92.47361,03,517120,43.47368162876195,267.54270509831247,32,MISO_03_wind_032
201,3011,56840,Marshall Wind 1 LLC,2.1,12/1/2007 0:00,wind,44.3253,-95.8142,03,519231,44.31066566315605,264.2072949016875,3,MISO_03_wind_003
202,3018,56860,Hardin Hilltop Wind LLC,14.7,5/1/2007 0:00,wind,42.0822,-94.365,03,516018,42.1272083818493,265.70729490168753,82,MISO_03_wind_082
203,3019,56876,Wapsipinicon Wind Project,100.5,2/1/2009 0:00,wind,43.8006,-92.6822,03,518190,43.673286554119585,267.20729490168753,20,MISO_03_wind_020
204,3025,56913,Osceola Windpower II,49.6,9/1/2008 0:00,wind,43.4303,-95.4167,03,517084,43.3700485083795,264.54270509831247,40,MISO_03_wind_040
205,3027,56923,FPL Energy Crystal Lake Wind LLC,150.0,12/1/2008 0:00,wind,43.2125,-93.8311,03,517100,43.231414977737614,266.25,47,MISO_03_wind_047
206,3028,56924,FPL Energy Story Wind LLC,150.0,12/1/2008 0:00,wind,42.1044,-93.2722,03,516028,42.16260370813681,266.79270509831247,79,MISO_03_wind_079
207,3029,56925,FPL Energy Crystal Lake Wind II LLC,200.0,1/1/2009 0:00,wind,43.27373,-93.8,03,517100,43.231414977737614,266.25,47,MISO_03_wind_047
208,3032,56994,Grand Meadow,100.5,12/1/2008 0:00,wind,43.7189,-92.705,03,518190,43.673286554119585,267.20729490168753,20,MISO_03_wind_020
209,3054,57047,Nobles Wind Project,201.0,12/1/2010 0:00,wind,43.7036,-95.7131,03,518154,43.56079844179593,264.2072949016875,28,MISO_03_wind_028
210,3062,57111,Lost Lakes Wind Farm LLC,100.0,12/1/2009 0:00,wind,43.3456,-95.3233,03,517085,43.379745870032366,264.74999999999994,39,MISO_03_wind_039
211,3076,57198,Bent Tree Wind Farm Phase 1,201.3,2/1/2011 0:00,wind,43.724594,-93.45043,03,518181,43.65255512679849,266.45729490168753,22,MISO_03_wind_022
212,3079,57214,Waverly Community Wind Project,0.9,3/1/2009 0:00,wind,42.7317,-92.4711,03,516043,42.723727068632506,267.54270509831247,61,MISO_03_wind_061
213,3080,57214,Waverly Community Wind Project,0.9,9/1/2012 0:00,wind,42.7317,-92.4711,03,516043,42.723727068632506,267.54270509831247,61,MISO_03_wind_061
214,3081,57214,Waverly Community Wind Project,0.9,12/1/2001 0:00,wind,42.7317,-92.4711,03,516043,42.723727068632506,267.54270509831247,61,MISO_03_wind_061
215,3082,57248,Welcome Wind Turbine,2.1,5/1/2008 0:00,wind,43.6825,-94.5892,03,518165,43.618942944996945,265.5,24,MISO_03_wind_024
216,3083,57257,Iowa Lakes Community College Wind Farm,1.7,2/1/2005 0:00,wind,43.385345,-94.81566,03,517093,43.40334717452811,265.29270509831247,38,MISO_03_wind_038
217,3086,57289,Big Blue,36.0,12/1/2012 0:00,wind,43.61222,-94.19194,03,518172,43.62690234867634,265.70729490168753,23,MISO_03_wind_023
218,3093,57351,Uilk Wind LLC,1.5,1/1/2010 0:00,wind,43.9811,-96.4269,03,518151,44.06289340127448,263.4572949016875,10,MISO_03_wind_010
219,3094,57351,Uilk Wind LLC,1.5,1/1/2010 0:00,wind,43.9811,-96.4269,03,518151,44.06289340127448,263.4572949016875,10,MISO_03_wind_010
220,3095,57351,Uilk Wind LLC,1.5,1/1/2010 0:00,wind,43.9811,-96.4269,03,518151,44.06289340127448,263.4572949016875,10,MISO_03_wind_010
221,3096,57374,Lakefield Wind Project LLC,205.5,10/1/2011 0:00,wind,43.675,-95.15667,03,518156,43.586996490296414,264.74999999999994,26,MISO_03_wind_026
222,3098,57385,Community Wind North LLC,30.0,5/1/2011 0:00,wind,44.245556,-96.40639,03,519222,44.27015332632759,263.4572949016875,5,MISO_03_wind_005
223,3099,57386,Ridgewind,25.3,1/1/2011 0:00,wind,44.01889,-96.06528,03,518153,44.09269845605872,263.99999999999994,8,MISO_03_wind_008
224,3110,57417,Elk Wind Farm,40.8,12/1/2011 0:00,wind,42.58389,-91.370834,03,516057,42.53543987799928,268.70729490168753,67,MISO_03_wind_067
225,3113,57432,Oak Glen Wind Farm,44.0,11/1/2011 0:00,wind,43.920555,-93.14056,03,518185,43.99782352841073,266.79270509831247,13,MISO_03_wind_013
226,3114,57434,Valley View Transmission LLC,10.0,7/1/2011 0:00,wind,43.902752,-96.02174,03,518150,43.88544060138924,263.99999999999994,17,MISO_03_wind_017
227,3123,57468,Crystal Lake 3 LLC,66.0,12/1/2009 0:00,wind,43.3192,-93.8836,03,517099,43.224446584903056,266.0427050983125,48,MISO_03_wind_048
228,3124,57469,Garden Wind LLC,150.0,12/1/2009 0:00,wind,42.224438,-93.37363,03,516028,42.16260370813681,266.79270509831247,79,MISO_03_wind_079
229,3126,57500,Laurel Wind Farm,123.4,12/1/2011 0:00,wind,41.88333,-92.933334,03,514958,41.96093017081432,267.0,86,MISO_03_wind_086
230,3127,57501,Rolling Hills Wind Farm,484.2,12/1/2011 0:00,wind,41.1973,-94.7744,03,513862,41.15405521765068,265.29270509831247,105,MISO_03_wind_105
231,3130,57609,New Harvest Wind Project LLC,100.0,12/1/2011 0:00,wind,42.15972,-95.43972,03,516001,42.07779613177996,264.54270509831247,84,MISO_03_wind_084
232,3132,57631,Wolverine,1.5,10/1/2010 0:00,wind,41.3931,-94.4447,03,514934,41.36953891427193,265.5,100,MISO_03_wind_100
233,3133,57632,Bulldog,1.5,10/1/2010 0:00,wind,41.2258,-94.4406,03,513863,41.16232620944858,265.5,104,MISO_03_wind_104
234,3134,57644,Prairie Rose Wind Farm,200.0,12/1/2012 0:00,wind,43.828217,-96.32156,03,518149,43.87436566911642,263.79270509831247,18,MISO_03_wind_018
235,3135,57649,Elm Creek Wind II LLC,148.8,12/1/2010 0:00,wind,43.6848,-94.8799,03,518163,43.596320036671834,264.9572949016875,25,MISO_03_wind_025
236,3165,57830,Rippey Wind Farm,50.0,8/1/2012 0:00,wind,42.00611,-94.23778,03,514947,41.919973057075936,265.70729490168753,89,MISO_03_wind_089
237,3166,57832,Hawkeye Wind Farm,35.0,10/1/2012 0:00,wind,42.94889,-92.062225,03,517122,42.939131134897494,267.95729490168753,53,MISO_03_wind_053
238,3168,57844,Franklin County Wind Farm,99.0,12/1/2012 0:00,wind,42.606735,-93.33646,03,516034,42.705233373328795,266.79270509831247,62,MISO_03_wind_062
239,3172,57873,Eclipse Wind Farm,207.1,9/1/2012 0:00,wind,41.55465,-94.685005,03,514936,41.69653520340957,265.29270509831247,95,MISO_03_wind_095
240,3173,57874,Vienna Wind Farm,44.6,12/1/2013 0:00,wind,42.159443,-92.77611,03,516036,42.173414581364874,267.20729490168753,77,MISO_03_wind_077
241,3174,57874,Vienna Wind Farm,105.6,11/1/2012 0:00,wind,42.159443,-92.77611,03,516036,42.173414581364874,267.20729490168753,77,MISO_03_wind_077
242,3175,57875,Morning Light Wind Farm,110.9,10/1/2012 0:00,wind,41.454243,-94.57506,03,514934,41.36953891427193,265.5,100,MISO_03_wind_100
243,3193,57976,Pocahontas Prairie Wind Farm,80.0,2/1/2012 0:00,wind,42.568054,-94.65806,03,516016,42.65351714796724,265.29270509831247,64,MISO_03_wind_064
244,3197,58038,Buffalo Center Wind LLC,1.5,11/1/2011 0:00,wind,43.385834,-92.759445,03,517119,43.466003800408366,267.20729490168753,33,MISO_03_wind_033
245,3202,58044,"Anchor Wind, LLC",6.0,10/1/2012 0:00,wind,41.850834,-91.23417,03,514980,41.785458744707626,268.70729490168753,91,MISO_03_wind_091
246,3203,58045,Community Wind South,30.0,12/1/2012 0:00,wind,43.71361,-95.80278,03,518154,43.56079844179593,264.2072949016875,28,MISO_03_wind_028
247,3208,58071,Windwalkers LLC,1.6,9/1/2011 0:00,wind,43.384724,-93.22139,03,517111,43.45515556874623,266.79270509831247,35,MISO_03_wind_035
248,3209,58089,Roeder Family Wind Farm LLC,1.6,9/1/2011 0:00,wind,43.297222,-93.28333,03,517108,43.2478791006492,266.79270509831247,46,MISO_03_wind_046
249,3251,58407,Luther College Wind Project,1.6,10/1/2011 0:00,wind,43.326942,-91.81084,03,517126,43.28000750844423,268.29270509831247,42,MISO_03_wind_042
250,3252,58414,NLMU Wind,1.5,11/1/2011 0:00,wind,40.955,-91.39445,03,513903,41.03548257749276,268.70729490168753,106,MISO_03_wind_106
251,3259,58444,Junction Hilltop Wind Farm,8.0,3/1/2012 0:00,wind,42.09889,-94.269165,03,516018,42.1272083818493,265.70729490168753,82,MISO_03_wind_082
252,3260,58456,Cumberland Rose,1.6,8/1/2012 0:00,wind,41.226944,-94.43472,03,513863,41.16232620944858,265.5,104,MISO_03_wind_104
253,3261,58457,Fontanelle,1.6,8/1/2012 0:00,wind,41.33889,-94.57,03,514934,41.36953891427193,265.5,100,MISO_03_wind_100
254,3262,58458,Greenfield Wind,1.6,8/1/2012 0:00,wind,41.29,-94.485,03,514934,41.36953891427193,265.5,100,MISO_03_wind_100
255,3263,58459,Meadow Ridge,1.6,7/1/2012 0:00,wind,41.39,-94.44583,03,514934,41.36953891427193,265.5,100,MISO_03_wind_100
256,3264,58460,Sky Volt,1.6,8/1/2012 0:00,wind,41.29,-94.485,03,514934,41.36953891427193,265.5,100,MISO_03_wind_100
257,3265,58461,Wiota,1.6,5/1/2012 0:00,wind,41.391945,-94.87639,03,514933,41.36126006783198,265.29270509831247,101,MISO_03_wind_101
258,3286,58657,Odell Wind Farm,200.0,7/1/2016 0:00,wind,43.853333,-94.931946,03,518166,43.93167665320351,264.9572949016875,15,MISO_03_wind_015
259,3290,58691,South Fork Wind Farm,13.8,12/1/2016 0:00,wind,43.587284,-95.37512,03,518155,43.57729539854707,264.54270509831247,27,MISO_03_wind_027
260,3309,58883,Highland Wind Project (IA),16.4,6/1/2015 0:00,wind,43.080276,-95.65611,03,517080,43.146325121108504,264.2072949016875,52,MISO_03_wind_052
261,3310,58883,Highland Wind Project (IA),100.8,7/1/2015 0:00,wind,43.080276,-95.65611,03,517080,43.146325121108504,264.2072949016875,52,MISO_03_wind_052
262,3311,58883,Highland Wind Project (IA),89.1,8/1/2015 0:00,wind,43.080276,-95.65611,03,517080,43.146325121108504,264.2072949016875,52,MISO_03_wind_052
263,3312,58883,Highland Wind Project (IA),89.2,9/1/2015 0:00,wind,43.080276,-95.65611,03,517080,43.146325121108504,264.2072949016875,52,MISO_03_wind_052
264,3313,58883,Highland Wind Project (IA),115.0,10/1/2015 0:00,wind,43.080276,-95.65611,03,517080,43.146325121108504,264.2072949016875,52,MISO_03_wind_052
265,3314,58883,Highland Wind Project (IA),86.8,11/1/2015 0:00,wind,43.080276,-95.65611,03,517080,43.146325121108504,264.2072949016875,52,MISO_03_wind_052
266,3315,58883,Highland Wind Project (IA),4.7,12/1/2015 0:00,wind,43.080276,-95.65611,03,517080,43.146325121108504,264.2072949016875,52,MISO_03_wind_052
267,3316,58884,Lundgren Wind Project,251.0,8/1/2014 0:00,wind,42.33472,-94.17083,03,516021,42.462531060064,265.70729490168753,72,MISO_03_wind_072
268,3317,58885,Macksburg Wind Project,119.6,12/1/2014 0:00,wind,41.209167,-94.103615,03,513871,41.18221083182743,266.0427050983125,103,MISO_03_wind_103
269,3318,58886,Wellsburg Wind Project,140.8,12/1/2014 0:00,wind,42.390835,-92.96667,03,516032,42.5035639864297,267.0,69,MISO_03_wind_069
270,3327,58927,Story City Wind Project,1.5,10/1/2010 0:00,wind,42.208057,-93.59944,03,516027,42.15276223056651,266.45729490168753,80,MISO_03_wind_080
271,3329,58932,Traer Wind Project,1.5,10/1/2010 0:00,wind,42.16139,-92.4425,03,516037,42.18106608076728,267.54270509831247,76,MISO_03_wind_076
272,3342,59053,Michelangelo Wind 3 LLC,3.0,2/1/2017 0:00,wind,42.019,-93.514,03,514956,41.94550772034362,266.45729490168753,87,MISO_03_wind_087
273,3343,59071,Carroll Area Wind Farm,20.7,1/1/2015 0:00,wind,41.94143,-94.8861,03,514938,41.88953333387784,264.9572949016875,90,MISO_03_wind_090
274,3352,59201,Pleasant Valley Wind Farm,200.0,8/1/2015 0:00,wind,43.805,-92.76972,03,518190,43.673286554119585,267.20729490168753,20,MISO_03_wind_020
275,3353,59223,Optimum Wind 5 LLC,3.0,3/1/2017 0:00,wind,42.014,-93.51806,03,514956,41.94550772034362,266.45729490168753,87,MISO_03_wind_087
276,3354,59224,Optimum Wind 6 LLC,3.0,3/1/2017 0:00,wind,42.006943,-93.52361,03,514956,41.94550772034362,266.45729490168753,87,MISO_03_wind_087
277,3355,59225,Optimum Wind 7 LLC,3.0,3/1/2017 0:00,wind,42.02833,-93.430275,03,514956,41.94550772034362,266.45729490168753,87,MISO_03_wind_087
278,3356,59226,Optimum Wind 4 LLC,3.0,3/1/2017 0:00,wind,42.016388,-93.51583,03,514956,41.94550772034362,266.45729490168753,87,MISO_03_wind_087
279,3357,59227,Optimum Wind 3 LLC,3.0,3/1/2017 0:00,wind,42.01917,-93.51361,03,514956,41.94550772034362,266.45729490168753,87,MISO_03_wind_087
280,3358,59228,Leonardo Wind 1 LLC,3.0,12/1/2016 0:00,wind,42.498055,-93.367775,03,516031,42.49796539003607,266.79270509831247,70,MISO_03_wind_070
281,3359,59230,Venus Wind 3 LLC,3.0,3/1/2017 0:00,wind,41.741943,-92.67222,03,514962,41.75887656297025,267.20729490168753,94,MISO_03_wind_094
282,3360,59231,Michelangelo Wind 1 LLC,3.0,3/1/2017 0:00,wind,41.881,-93.623055,03,514956,41.94550772034362,266.45729490168753,87,MISO_03_wind_087
283,3361,59232,Michelangelo Wind 4 LLC,3.0,12/1/2016 0:00,wind,41.978,-93.700554,03,514949,41.93894017019894,266.25,88,MISO_03_wind_088
284,3397,59637,Adams Wind,4.7,10/1/2015 0:00,wind,40.92,-94.67167,03,513859,40.94685538766807,265.29270509831247,107,MISO_03_wind_107
285,3398,59637,Adams Wind,43.3,11/1/2015 0:00,wind,40.92,-94.67167,03,513859,40.94685538766807,265.29270509831247,107,MISO_03_wind_107
286,3399,59637,Adams Wind,58.0,12/1/2015 0:00,wind,40.92,-94.67167,03,513859,40.94685538766807,265.29270509831247,107,MISO_03_wind_107
287,3400,59637,Adams Wind,48.3,1/1/2016 0:00,wind,40.92,-94.67167,03,513859,40.94685538766807,265.29270509831247,107,MISO_03_wind_107
288,3404,59735,Kirkwood Wind Turbine,2.5,2/1/2012 0:00,wind,41.916557,-91.650894,03,514975,41.98734963665517,268.29270509831247,85,MISO_03_wind_085
289,3459,60326,O'Brien Wind,61.9,9/1/2016 0:00,wind,43.20042,-95.62431,03,517081,43.16280841980277,264.54270509831247,51,MISO_03_wind_051
290,3460,60326,O'Brien Wind,108.7,12/1/2016 0:00,wind,43.20042,-95.62431,03,517081,43.16280841980277,264.54270509831247,51,MISO_03_wind_051
291,3461,60326,O'Brien Wind,79.7,12/1/2016 0:00,wind,43.20042,-95.62431,03,517081,43.16280841980277,264.54270509831247,51,MISO_03_wind_051
292,3462,60326,O'Brien Wind,72.5,,wind,43.20042,-95.62431,03,517081,43.16280841980277,264.54270509831247,51,MISO_03_wind_051
293,3463,60326,O'Brien Wind,72.5,,wind,43.20042,-95.62431,03,517081,43.16280841980277,264.54270509831247,51,MISO_03_wind_051
294,3464,60326,O'Brien Wind,72.5,,wind,43.20042,-95.62431,03,517081,43.16280841980277,264.54270509831247,51,MISO_03_wind_051
295,3465,60342,Ida Grove Wind,61.1,9/1/2016 0:00,wind,42.35572,-95.42038,03,516004,42.41306350292949,264.54270509831247,75,MISO_03_wind_075
296,3466,60342,Ida Grove Wind,119.6,12/1/2016 0:00,wind,42.35572,-95.42038,03,516004,42.41306350292949,264.54270509831247,75,MISO_03_wind_075
297,3467,60342,Ida Grove Wind,92.8,12/1/2016 0:00,wind,42.35572,-95.42038,03,516004,42.41306350292949,264.54270509831247,75,MISO_03_wind_075
298,3468,60342,Ida Grove Wind,27.6,11/1/2016 0:00,wind,42.35572,-95.42038,03,516004,42.41306350292949,264.54270509831247,75,MISO_03_wind_075
299,3469,60342,Ida Grove Wind,96.6,,wind,42.35572,-95.42038,03,516004,42.41306350292949,264.54270509831247,75,MISO_03_wind_075
300,3470,60342,Ida Grove Wind,98.9,,wind,42.35572,-95.42038,03,516004,42.41306350292949,264.54270509831247,75,MISO_03_wind_075
301,3476,60504,Blazing Star Wind Farm 1,200.0,4/1/2020 0:00,wind,44.544136,-96.36824,03,519226,44.62426308912312,263.79270509831247,1,MISO_03_wind_001
302,3494,60541,Wind GEM,1.9,9/1/2015 0:00,wind,41.469986,-94.339355,03,514941,41.37744376005886,265.70729490168753,99,MISO_03_wind_099
303,3570,60873,Prairie Wind Farm,168.0,1/1/2018 0:00,wind,41.4369,-92.70382,03,514959,41.423513445192,267.20729490168753,98,MISO_03_wind_098
304,3585,60911,Green Energy Machine,1.7,6/1/2016 0:00,wind,41.373,-94.754,03,514933,41.36126006783198,265.29270509831247,101,MISO_03_wind_101
305,3654,61070,Saratoga Wind Farm,66.0,2/1/2019 0:00,wind,43.448856,-92.28072,03,517121,43.47793572482686,267.75,31,MISO_03_wind_031
306,3656,61077,Orient Wind Farm,102.0,12/1/2018 0:00,wind,41.202446,-94.4172,03,513863,41.16232620944858,265.5,104,MISO_03_wind_104
307,3657,61077,Orient Wind Farm,398.8,12/1/2019 0:00,wind,41.202446,-94.4172,03,513863,41.16232620944858,265.5,104,MISO_03_wind_104
308,3658,61078,Plum Creek Wind,500.0,,wind,43.169003,-94.061615,03,517099,43.224446584903056,266.0427050983125,48,MISO_03_wind_048
309,3659,61079,Beaver Creek Wind,170.0,12/1/2017 0:00,wind,42.106964,-94.164635,03,516018,42.1272083818493,265.70729490168753,82,MISO_03_wind_082
310,3660,61079,Beaver Creek Wind,170.0,10/1/2018 0:00,wind,42.106964,-94.164635,03,516018,42.1272083818493,265.70729490168753,82,MISO_03_wind_082
311,3723,61357,Red Pine Wind Project,200.0,12/1/2017 0:00,wind,44.478,-96.1538,03,519226,44.62426308912312,263.79270509831247,1,MISO_03_wind_001
312,3830,61564,Upland Prairie,299.3,3/1/2019 0:00,wind,43.207405,-95.349396,03,517082,43.172501543984446,264.74999999999994,50,MISO_03_wind_050
313,3831,61565,English Farms,171.5,3/1/2019 0:00,wind,41.57,-92.40718,03,514960,41.43114252598432,267.54270509831247,97,MISO_03_wind_097
314,3845,61609,"Heartland Divide Wind Project, LLC",103.5,12/1/2018 0:00,wind,41.71138,-94.80199,03,514936,41.69653520340957,265.29270509831247,95,MISO_03_wind_095
315,3848,61638,Turtle Creek Wind Farm LLC,199.2,12/1/2018 0:00,wind,43.429604,-92.83951,03,517119,43.466003800408366,267.20729490168753,33,MISO_03_wind_033
316,3849,61644,August Wind Farm,1.8,2/1/2017 0:00,wind,40.764915,-94.47563,03,513857,40.61985802087759,265.5,109,MISO_03_wind_109
317,3853,61650,Blazing Star 2 Wind Farm,200.0,1/1/2021 0:00,wind,44.445293,-96.35276,03,519223,44.28888450347109,263.79270509831247,4,MISO_03_wind_004
318,3864,61687,Plum Creek,400.0,,wind,44.14504,-95.38272,03,518161,44.11990703357848,264.54270509831247,7,MISO_03_wind_007
319,3884,61788,Hilltop Power,2.0,12/1/2008 0:00,wind,43.912884,-96.19322,03,518149,43.87436566911642,263.79270509831247,18,MISO_03_wind_018
320,3907,61911,Ivester Wind Farm,90.8,12/1/2018 0:00,wind,42.33327,-92.946434,03,516029,42.16819618883697,267.0,78,MISO_03_wind_078
321,3937,62035,Glaciers Edge Wind Project,211.7,12/1/2019 0:00,wind,42.862,-95.772,03,517077,42.81103158527838,264.2072949016875,59,MISO_03_wind_059
322,3952,62079,Whispering Willow North,201.3,1/1/2020 0:00,wind,42.774956,-93.41807,03,516033,42.69537510669643,266.45729490168753,63,MISO_03_wind_063
323,3953,62080,Richland,130.9,9/1/2020 0:00,wind,42.36315,-95.2263,03,516005,42.42273706162727,264.74999999999994,74,MISO_03_wind_074
324,3954,62081,Golden Plains,199.8,3/1/2020 0:00,wind,43.430637,-94.0164,03,517102,43.43171321484304,266.0427050983125,37,MISO_03_wind_037
325,3962,62103,Kossuth,152.2,10/1/2020 0:00,wind,42.994682,-94.12873,03,517096,42.889089700244035,266.0427050983125,56,MISO_03_wind_056
326,3966,62130,Roseman,1.8,2/1/2017 0:00,wind,41.371,-94.75393,03,514933,41.36126006783198,265.29270509831247,101,MISO_03_wind_101
327,3967,62132,Arbor Hill Wind Farm,60.0,2/1/2020 0:00,wind,41.404232,-94.26136,03,514941,41.37744376005886,265.70729490168753,99,MISO_03_wind_099
328,3968,62132,Arbor Hill Wind Farm,250.0,12/1/2018 0:00,wind,41.404232,-94.26136,03,514941,41.37744376005886,265.70729490168753,99,MISO_03_wind_099
329,3969,62133,North English,140.0,12/1/2019 0:00,wind,41.642776,-92.49906,03,514963,41.766516316730204,267.54270509831247,93,MISO_03_wind_093
330,3970,62133,North English,200.0,12/1/2018 0:00,wind,41.642776,-92.49906,03,514963,41.766516316730204,267.54270509831247,93,MISO_03_wind_093
331,3979,62172,Birch,1.8,2/1/2017 0:00,wind,40.767635,-94.47437,03,513857,40.61985802087759,265.5,109,MISO_03_wind_109
332,3997,62269,"Stoneray Power Partners, LLC",100.0,2/1/2019 0:00,wind,44.104378,-96.12673,03,518152,44.0816206793393,263.79270509831247,9,MISO_03_wind_009
333,4011,62364,Nobles 2 Wind Project,250.0,12/1/2020 0:00,wind,43.789635,-95.85277,03,518157,43.89613684401226,264.2072949016875,16,MISO_03_wind_016
334,4027,62437,Dodge County Wind,230.7,,wind,44.005634,-92.95039,03,518186,44.0034400782017,267.0,12,MISO_03_wind_012
335,4087,62795,Ida Grove II,201.0,12/1/2019 0:00,wind,42.326855,-95.45882,03,516004,42.41306350292949,264.54270509831247,75,MISO_03_wind_075
336,4140,63053,Palo Alto Wind Farm,250.0,1/1/2020 0:00,wind,43.20669,-94.548096,03,517091,43.20442209644286,265.5,49,MISO_03_wind_049
337,4141,63053,Palo Alto Wind Farm,90.0,12/1/2020 0:00,wind,43.20669,-94.548096,03,517091,43.20442209644286,265.5,49,MISO_03_wind_049
338,4207,63287,Cerro Gordo Wind Farm,42.0,8/1/2020 0:00,wind,43.061203,-93.45364,03,517104,42.90263995366938,266.45729490168753,55,MISO_03_wind_055
339,4255,63431,Cisco,8.4,2/1/2008 0:00,wind,43.6256,-95.3725,03,518155,43.57729539854707,264.54270509831247,27,MISO_03_wind_027
340,4256,63432,Lincoln Heights I,5.2,5/1/2006 0:00,wind,44.287777,-96.433334,03,519222,44.27015332632759,263.4572949016875,5,MISO_03_wind_005
341,4257,63433,Lincoln Heights II,3.9,5/1/2006 0:00,wind,44.315536,-96.33168,03,519223,44.28888450347109,263.79270509831247,4,MISO_03_wind_004
342,4261,63460,"Rock County Wind Fuel, LLC",5.0,5/1/2020 0:00,wind,43.64193,-96.26248,03,518146,43.539038679444396,263.79270509831247,29,MISO_03_wind_029
343,4265,63521,CED Mason City Wind,7.5,5/1/2020 0:00,wind,43.140697,-93.09848,03,517109,43.253488595462436,267.0,45,MISO_03_wind_045
344,4284,63639,Contrail Wind Farm,112.4,12/1/2020 0:00,wind,40.667404,-94.83163,03,513856,40.611609639969075,265.29270509831247,110,MISO_03_wind_110
345,4285,63640,Southern Hills Wind Farm,254.1,3/1/2021 0:00,wind,41.1113,-94.4667,03,513863,41.16232620944858,265.5,104,MISO_03_wind_104
346,4286,63641,Diamond Trail Wind Farm,252.5,12/1/2020 0:00,wind,41.6744,-92.1642,03,514964,41.770749369015086,267.75,92,MISO_03_wind_092
347,4374,64130,"REG Juhl Glenville Wind, LLC",2.5,12/1/2020 0:00,wind,43.582,-93.305,03,518182,43.6624343845532,266.79270509831247,21,MISO_03_wind_021
348,4378,64177,CED Manchester Wind,7.9,4/1/2022 0:00,wind,42.469288,-91.47393,03,516050,42.532922741353644,268.5,68,MISO_03_wind_068
349,4379,64178,CED Centerville Wind,7.9,12/1/2021 0:00,wind,40.70991,-92.84835,03,513882,40.67363545603181,267.20729490168753,108,MISO_03_wind_108
350,4381,64183,Independence Wind Farm,55.4,12/1/2021 0:00,wind,42.431602,-91.56864,03,516050,42.532922741353644,268.5,68,MISO_03_wind_068
351,4455,64623,Freeborn Wind Farm,218.0,5/1/2021 0:00,wind,43.513058,-93.188614,03,517111,43.45515556874623,266.79270509831247,35,MISO_03_wind_035
352,4458,64661,Heartland Divide II,200.0,3/1/2022 0:00,wind,41.72032,-94.92842,03,514935,41.68232687566351,264.9572949016875,96,MISO_03_wind_096
353,4459,64662,"Sac County Wind, LLC",80.0,12/1/2021 0:00,wind,42.421154,-94.99509,03,516012,42.43203427177577,264.9572949016875,73,MISO_03_wind_073
354,4461,64688,Plymouth Wind,202.7,1/1/2022 0:00,wind,42.842968,-95.94125,03,517070,42.80035870511746,263.99999999999994,60,MISO_03_wind_060
355,4554,65390,"Ledyard Windpower, LLC",207.0,12/1/2022 0:00,wind,43.43008,-94.10696,03,517102,43.43171321484304,266.0427050983125,37,MISO_03_wind_037
356,4598,65713,Rock Aetna Power Partners,20.0,12/1/2022 0:00,wind,44.02272,-96.05232,03,518153,44.09269845605872,263.99999999999994,8,MISO_03_wind_008
357,4599,65714,Northern Wind,100.0,1/1/2023 0:00,wind,44.011,-96.0446,03,518153,44.09269845605872,263.99999999999994,8,MISO_03_wind_008
358,4600,65715,Great Pathfinder Wind,224.4,2/1/2023 0:00,wind,42.214127,-93.876686,03,516019,42.13924271331293,266.0427050983125,81,MISO_03_wind_081
359,4601,65725,Kossuth County Wind,70.0,12/1/2022 0:00,wind,42.986668,-94.13361,03,517095,42.877027868153235,265.70729490168753,57,MISO_03_wind_057
360,4607,65761,Buffalo Ridge Wind,106.0,12/1/2022 0:00,wind,44.423058,-96.29722,03,519223,44.28888450347109,263.79270509831247,4,MISO_03_wind_004
361,4608,65764,Walleye Wind,110.0,12/1/2022 0:00,wind,43.638058,-96.39056,03,518145,43.520326249567525,263.4572949016875,30,MISO_03_wind_030
362,4615,65938,Winding Stair Wind,212.0,,wind,42.13714,-92.3678,03,516037,42.18106608076728,267.54270509831247,76,MISO_03_wind_076
363,4740,66668,Chickasaw Wind Farm,202.4,12/1/2023 0:00,wind,43.14014,-92.32443,03,517118,43.27064982936504,267.75,43,MISO_03_wind_043
364,4770,66952,Prescott Wind Farm,38.7,9/1/2024 0:00,wind,41.121033,-94.60513,03,513862,41.15405521765068,265.29270509831247,105,MISO_03_wind_105
365,5075,68872,Shenandoah Hills Wind Farm,214.3,12/1/2025 0:00,wind,40.63411,-95.3707,03,513847,40.57865157220255,264.54270509831247,111,MISO_03_wind_111
366,5111,69003,Windshare LLC,5.4,3/1/2006 0:00,wind,43.960766,-95.97919,03,518150,43.88544060138924,263.99999999999994,17,MISO_03_wind_017
367,81,944,Geneseo,1.5,9/1/2009 0:00,wind,41.451492,-90.14855,04,514987,41.45710883607375,269.79270509831247,1,MISO_04_wind_001
368,82,944,Geneseo,1.5,10/1/2009 0:00,wind,41.451492,-90.14855,04,514987,41.45710883607375,269.79270509831247,1,MISO_04_wind_001
369,2865,56376,Pike County Wind Power,1.7,5/1/2005 0:00,wind,39.6189,-90.8461,04,511751,39.54029507801622,269.25,25,MISO_04_wind_025
370,2871,56408,Agriwind,8.4,7/1/2007 0:00,wind,41.3017,-89.6236,04,513925,41.24872585466668,270.54270509831247,3,MISO_04_wind_003
371,2984,56663,El Paso Wind Project,80.0,,wind,40.72,-89.08278,04,513927,40.70334095727984,270.95729490168753,6,MISO_04_wind_006
372,3017,56856,Rail Splitter Wind Farm,100.5,8/1/2009 0:00,wind,40.3692,-89.4022,04,512845,40.291437269509075,270.54270509831247,14,MISO_04_wind_014
373,3091,57342,White Oak Energy LLC,150.0,6/1/2011 0:00,wind,40.59083,-89.04667,04,512856,40.496050480528154,270.95729490168753,9,MISO_04_wind_009
374,3125,57493,Settlers Trail Wind Farm LLC,150.4,10/1/2011 0:00,wind,40.694443,-87.57083,04,513945,40.68123689167352,272.4572949016875,7,MISO_04_wind_007
375,3154,57675,"Pioneer Trail Wind Farm, LLC",150.4,12/1/2011 0:00,wind,40.46405,-88.021515,04,512866,40.48201464347025,272.04270509831247,11,MISO_04_wind_011
376,3158,57767,Brown County Wind Turbine,1.5,9/1/2011 0:00,wind,39.97333,-90.699165,04,512825,39.95487840694197,269.25,19,MISO_04_wind_019
377,3195,58008,California Ridge Wind Energy LLC,217.0,12/1/2012 0:00,wind,40.211666,-87.878334,04,512863,40.274740865579844,272.04270509831247,16,MISO_04_wind_016
378,3212,58111,Bishop Hill II Wind Farm,81.0,10/1/2012 0:00,wind,41.2325,-90.174164,04,513916,41.249814106610444,269.79270509831247,2,MISO_04_wind_002
379,3325,58924,Sugar Creek Wind One LLC,202.0,11/1/2020 0:00,wind,40.074165,-89.29195,04,512843,39.95487840694197,270.75,20,MISO_04_wind_020
380,3326,58925,Lincoln Land Wind,302.0,11/1/2021 0:00,wind,39.821945,-89.95583,04,511763,39.749999999999986,270.0,22,MISO_04_wind_022
381,3341,59021,Hoopeston Wind LLC,98.0,3/1/2015 0:00,wind,40.399723,-87.799164,04,512867,40.47817834160075,272.25,12,MISO_04_wind_012
382,3414,59776,Heartland Community College,1.7,6/1/2012 0:00,wind,40.537,-89.019,04,512856,40.496050480528154,270.95729490168753,9,MISO_04_wind_009
383,3425,59902,Cardinal Point Wind,150.0,3/1/2020 0:00,wind,40.58857,-90.75183,04,512831,40.497575795114315,269.25,8,MISO_04_wind_008
384,3675,61161,Harvest Ridge Wind Farm,202.0,7/1/2020 0:00,wind,39.83188,-88.0723,04,511789,39.732095521085654,272.04270509831247,23,MISO_04_wind_023
385,3883,61787,Bishop Hill III,119.0,6/1/2018 0:00,wind,41.211056,-90.276024,04,513916,41.249814106610444,269.79270509831247,2,MISO_04_wind_002
386,3926,61990,TAC-Distributed Energy Resource Hybrid,0.1,3/1/2017 0:00,wind,40.089798,-88.24357,04,512859,39.94477160548884,271.7072949016875,21,MISO_04_wind_021
387,4236,63384,Bennington Wind,93.0,10/1/2021 0:00,wind,40.96038,-89.085365,04,513930,41.038744432775246,270.95729490168753,5,MISO_04_wind_005
388,4331,63907,Panther Creek Wind Project,54.4,2/1/2025 0:00,wind,39.62055,-90.876114,04,511750,39.53877869188517,269.04270509831247,26,MISO_04_wind_026
389,4408,64381,"Glacier Sands Wind Power, LLC",185.0,11/1/2021 0:00,wind,40.261375,-89.700874,04,512844,40.29252012636564,270.20729490168753,13,MISO_04_wind_013
390,4522,65049,Pike Creek Wind,202.5,,wind,40.059,-89.537,04,512842,39.95602962130386,270.54270509831247,18,MISO_04_wind_018
391,4541,65316,Sapphire Sky Wind Energy LLC,259.8,2/1/2023 0:00,wind,40.2945,-88.58456,04,512855,40.28301902252375,271.5,15,MISO_04_wind_015
392,4549,65350,Ford County Wind Farm LLC,121.3,3/1/2022 0:00,wind,40.556286,-88.34949,04,512865,40.48743670455003,271.7072949016875,10,MISO_04_wind_010
393,4616,65939,Grey Fox Wind,400.0,,wind,39.92537,-90.1544,04,512833,39.957110301505715,269.79270509831247,17,MISO_04_wind_017
394,4662,66093,Moraine Sands Wind Power,171.0,12/1/2023 0:00,wind,40.17089,-89.89511,04,512844,40.29252012636564,270.20729490168753,13,MISO_04_wind_013
395,4982,68184,Coles Wind,300.0,,wind,39.605953,-88.18026,04,511785,39.53021538728451,271.7072949016875,27,MISO_04_wind_027
396,4983,68192,Lotus Wind,200.0,,wind,39.49844,-89.9302,04,511760,39.542705098312474,270.0,24,MISO_04_wind_024
397,4984,68193,Prosperity Wind,300.0,1/1/2025 0:00,wind,40.18788,-88.58944,04,512855,40.28301902252375,271.5,15,MISO_04_wind_015
398,5015,68413,Old Town Wind,178.0,,wind,40.988976,-89.17326,04,513923,41.04027405322834,270.75,4,MISO_04_wind_004
399,2994,56767,Farmers City Wind LLC,146.0,4/1/2009 0:00,wind,40.575,-95.5228,05,513847,40.57865157220255,264.54270509831247,1,MISO_05_wind_001
400,4040,62563,High Prairie Wind Farm,400.0,12/1/2020 0:00,wind,40.398243,-92.518616,05,512812,40.47397122462658,267.54270509831247,2,MISO_05_wind_002
401,2988,56679,Benton County Wind Farm,130.5,5/1/2008 0:00,wind,40.695,-87.4886,06,513945,40.68123689167352,272.4572949016875,1,MISO_06_wind_001
402,3020,56878,Hoosier Wind Project LLC,106.0,11/1/2009 0:00,wind,40.7178,-87.2631,06,513946,40.67363545603181,272.79270509831247,2,MISO_06_wind_002
403,3881,61756,Meadow Lake Wind Farm VI LLC,200.4,11/1/2018 0:00,wind,40.69255,-87.127014,06,513946,40.67363545603181,272.79270509831247,2,MISO_06_wind_002
404,4102,62891,Rosewater Wind Farm,102.0,12/1/2020 0:00,wind,40.7709,-86.87501,06,513954,40.66289549897236,273.2072949016875,4,MISO_06_wind_004
405,4237,63389,"Jordan Creek Wind Farm, LLC",398.6,12/1/2020 0:00,wind,40.381615,-87.39982,06,512874,40.47397122462658,272.4572949016875,5,MISO_06_wind_005
406,4389,64230,Indiana Crossroads Wind Farm LLC,302.4,12/1/2021 0:00,wind,40.6631,-86.8695,06,513954,40.66289549897236,273.2072949016875,4,MISO_06_wind_004
407,4764,66861,Indiana Crossroads Wind Farm II,201.6,12/1/2024 0:00,wind,40.779358,-87.04211,06,513947,40.66845126822436,273.0,3,MISO_06_wind_003
408,4980,68179,Templeton Wind,200.2,,wind,40.519676,-87.15039,06,512875,40.46637834933708,272.79270509831247,6,MISO_06_wind_006
409,5126,69079,Carpenter Wind Farm LLC,200.1,12/1/2025 0:00,wind,40.76585,-87.15371,06,513946,40.67363545603181,272.79270509831247,2,MISO_06_wind_002
410,2883,56416,Michigan Wind 1,69.0,12/1/2008 0:00,wind,43.7092,-82.9633,07,518310,43.8311281874387,276.95729490168753,8,MISO_07_wind_008
411,2980,56635,Harvest,52.8,1/1/2008 0:00,wind,43.83,-83.2064,07,518303,43.84357559206754,276.75,7,MISO_07_wind_007
412,2983,56659,Michigan Wind 2,90.0,12/1/2011 0:00,wind,43.663055,-82.74694,07,518311,43.81018279916716,277.2927050983125,9,MISO_07_wind_009
413,3067,57131,Stoney Corners Wind Farm,60.0,12/1/2009 0:00,wind,44.19,-85.2983,07,518286,44.15324342404179,274.70729490168753,3,MISO_07_wind_003
414,3111,57421,Gratiot Wind Park,102.0,11/1/2011 0:00,wind,43.433887,-84.4975,07,517218,43.3700485083795,275.45729490168753,14,MISO_07_wind_014
415,3169,57851,Sigel Wind Park,64.0,12/1/2012 0:00,wind,43.850834,-82.78361,07,518311,43.81018279916716,277.2927050983125,9,MISO_07_wind_009
416,3170,57852,Minden Wind Park,32.0,12/1/2012 0:00,wind,43.67,-82.75861,07,518311,43.81018279916716,277.2927050983125,9,MISO_07_wind_009
417,3171,57853,McKinley Wind Park,14.4,12/1/2012 0:00,wind,43.871944,-83.24139,07,518303,43.84357559206754,276.75,7,MISO_07_wind_007
418,3180,57888,Harvest 2,59.4,11/1/2012 0:00,wind,43.8556,-83.1669,07,518303,43.84357559206754,276.75,7,MISO_07_wind_007
419,3194,57984,Lake Winds Energy Park,100.8,11/1/2012 0:00,wind,43.871944,-86.334724,07,518267,43.98133853244958,273.75,6,MISO_07_wind_006
420,3196,58020,Beebe Renewable Energy LLC,81.6,12/1/2012 0:00,wind,43.256943,-84.499725,07,517215,43.16280841980277,275.45729490168753,16,MISO_07_wind_016
421,3210,58103,Heritage Garden Wind Farm I LLC,28.0,9/1/2012 0:00,wind,45.795555,-86.53389,07,707968,45.90931331376307,273.31606167039354,1,MISO_07_wind_001
422,3213,58121,Echo Wind Park,49.6,1/1/2014 0:00,wind,43.8825,-83.16139,07,518303,43.84357559206754,276.75,7,MISO_07_wind_007
423,3214,58121,Echo Wind Park,62.4,12/1/2014 0:00,wind,43.8825,-83.16139,07,518303,43.84357559206754,276.75,7,MISO_07_wind_007
424,3215,58121,Echo Wind Park,50.0,12/1/2016 0:00,wind,43.8825,-83.16139,07,518303,43.84357559206754,276.75,7,MISO_07_wind_007
425,3249,58351,Tuscola Bay Wind,120.0,12/1/2012 0:00,wind,43.525276,-83.65,07,518298,43.539038679444396,276.20729490168753,12,MISO_07_wind_012
426,3278,58580,Pheasant Run Wind LLC,74.8,12/1/2013 0:00,wind,43.75778,-83.297775,07,518303,43.84357559206754,276.75,7,MISO_07_wind_007
427,3279,58587,Tuscola Wind II LLC,100.3,11/1/2013 0:00,wind,43.526943,-83.56694,07,518299,43.520326249567525,276.5427050983125,13,MISO_07_wind_013
428,3288,58677,Gratiot County Wind LLC,110.4,5/1/2012 0:00,wind,43.408054,-84.46222,07,517218,43.3700485083795,275.45729490168753,14,MISO_07_wind_014
429,3289,58690,Apple Blossom Wind Farm,100.0,11/1/2017 0:00,wind,43.815033,-83.315,07,518303,43.84357559206754,276.75,7,MISO_07_wind_007
430,3295,58719,Brookfield,74.8,2/1/2014 0:00,wind,43.75778,-83.297775,07,518303,43.84357559206754,276.75,7,MISO_07_wind_007
431,3302,58830,Cross Winds Energy Park,111.0,12/1/2014 0:00,wind,43.61028,-83.48556,07,518299,43.520326249567525,276.5427050983125,13,MISO_07_wind_013
432,3303,58830,Cross Winds Energy Park,44.0,1/1/2018 0:00,wind,43.61028,-83.48556,07,518299,43.520326249567525,276.5427050983125,13,MISO_07_wind_013
433,3304,58830,Cross Winds Energy Park,75.9,12/1/2019 0:00,wind,43.61028,-83.48556,07,518299,43.520326249567525,276.5427050983125,13,MISO_07_wind_013
434,3319,58891,"Big Turtle Wind Farm, LLC",20.0,12/1/2014 0:00,wind,43.850834,-82.7825,07,518311,43.81018279916716,277.2927050983125,9,MISO_07_wind_009
435,3324,58908,Beebe 1B,50.4,12/1/2014 0:00,wind,43.256943,-84.499725,07,517215,43.16280841980277,275.45729490168753,16,MISO_07_wind_016
436,3572,60883,"Deerfield Wind Energy, LLC",41.6,2/1/2017 0:00,wind,43.941853,-82.898674,07,518313,44.03837179606902,276.95729490168753,4,MISO_07_wind_004
437,3573,60883,"Deerfield Wind Energy, LLC",74.5,2/1/2017 0:00,wind,43.941853,-82.898674,07,518313,44.03837179606902,276.95729490168753,4,MISO_07_wind_004
438,3574,60883,"Deerfield Wind Energy, LLC",32.9,2/1/2017 0:00,wind,43.941853,-82.898674,07,518313,44.03837179606902,276.95729490168753,4,MISO_07_wind_004
439,3661,61106,Pine River Wind Park,161.3,3/1/2019 0:00,wind,43.524323,-84.69678,07,518282,43.586996490296414,275.25,10,MISO_07_wind_010
440,3908,61916,Pegasus Wind,48.0,12/1/2019 0:00,wind,43.452003,-83.50721,07,518299,43.520326249567525,276.5427050983125,13,MISO_07_wind_013
441,3909,61916,Pegasus Wind,130.0,9/1/2020 0:00,wind,43.452003,-83.50721,07,518299,43.520326249567525,276.5427050983125,13,MISO_07_wind_013
442,4001,62290,Polaris Wind Park,168.6,5/1/2020 0:00,wind,43.26261,-84.49984,07,517215,43.16280841980277,275.45729490168753,16,MISO_07_wind_016
443,4090,62815,Fairbanks Wind Park,72.8,1/1/2022 0:00,wind,45.683617,-86.645744,07,707961,45.70269706426956,273.2921955654039,2,MISO_07_wind_002
444,4281,63601,Isabella Wind Park,383.5,6/1/2021 0:00,wind,43.684093,-84.78845,07,518282,43.586996490296414,275.25,10,MISO_07_wind_010
445,4298,63686,Crescent Wind Park,150.0,2/1/2021 0:00,wind,41.935,-84.477,07,515064,41.870598372126395,275.45729490168753,18,MISO_07_wind_018
446,4299,63687,Gratiot Farms Wind Project,150.0,12/1/2020 0:00,wind,43.1695,-84.8653,07,517207,43.181817477610444,275.0427050983125,15,MISO_07_wind_015
447,4531,65143,Big Turtle Wind Farm 2,29.4,10/1/2016 0:00,wind,43.91956,-82.794426,07,518314,44.017420714756014,277.2927050983125,5,MISO_07_wind_005
448,4543,65328,Meridian Wind Park,225.0,4/1/2023 0:00,wind,43.461967,-84.33982,07,518290,43.56079844179593,275.7927050983125,11,MISO_07_wind_011
449,4606,65742,Deerfield Wind Energy 2,112.1,3/1/2023 0:00,wind,43.928665,-82.87351,07,518314,44.017420714756014,277.2927050983125,5,MISO_07_wind_005
450,4679,66192,Heartland Farms,200.0,4/1/2024 0:00,wind,43.21389,-84.63306,07,517215,43.16280841980277,275.45729490168753,16,MISO_07_wind_016
451,5072,68843,Tupper Lake Wind,200.0,,wind,42.829,-85.138,07,517203,42.86075845421978,274.70729490168753,17,MISO_07_wind_017
452,4941,67959,Crossover Wind,144.0,6/1/2025 0:00,wind,35.24601,-90.74649,08,505292,35.247686376712856,269.25,2,MISO_08_wind_002
453,5005,68319,Nimbus Wind Farm,183.0,,wind,36.27118,-93.40682,08,507411,36.155072910555276,266.45729490168753,1,MISO_08_wind_001
454,4632,66000,Delta Wind Farm (MS),184.5,4/1/2024 0:00,wind,34.46923,-90.3927,10,504222,34.49880022469116,269.45729490168753,1,MISO_10_wind_001
